https://ecraft2learn.github.io/ai/onyx/[object Object],2,1684,0,
https://ecraft2learn.github.io/ai/onyx/[object Object],2,0.1583777517080307
https://ecraft2learn.github.io/ai/onyx/[object Object],7,982,1,
https://ecraft2learn.github.io/ai/onyx/[object Object],7,0.9778717160224915
https://ecraft2learn.github.io/ai/onyx/[object Object],12,150,85,
https://ecraft2learn.github.io/ai/onyx/[object Object],12,0.14899101853370667
https://ecraft2learn.github.io/ai/onyx/[object Object],17,980,2,
https://ecraft2learn.github.io/ai/onyx/[object Object],17,0.9796314835548401
https://ecraft2learn.github.io/ai/onyx/[object Object],22,961,3,
https://ecraft2learn.github.io/ai/onyx/[object Object],22,0.9611235857009888
https://ecraft2learn.github.io/ai/onyx/[object Object],27,927,1,
https://ecraft2learn.github.io/ai/onyx/[object Object],27,0.92022705078125
https://ecraft2learn.github.io/ai/onyx/[object Object],32,310,68,
https://ecraft2learn.github.io/ai/onyx/[object Object],32,0.3120902180671692
https://ecraft2learn.github.io/ai/onyx/[object Object],37,903,7,
https://ecraft2learn.github.io/ai/onyx/[object Object],37,0.8985940217971802
https://ecraft2learn.github.io/ai/onyx/[object Object],42,8414,2,
https://ecraft2learn.github.io/ai/onyx/[object Object],42,0.8404071927070618
https://ecraft2learn.github.io/ai/onyx/[object Object],47,3912,49,
https://ecraft2learn.github.io/ai/onyx/[object Object],47,0.38719382882118225
https://ecraft2learn.github.io/ai/onyx/[object Object],52,991,1,
https://ecraft2learn.github.io/ai/onyx/[object Object],52,0.9865689277648926
https://ecraft2learn.github.io/ai/onyx/[object Object],57,8712,1,
https://ecraft2learn.github.io/ai/onyx/[object Object],57,0.8746128678321838
https://ecraft2learn.github.io/ai/onyx/[object Object],62,981,0,
https://ecraft2learn.github.io/ai/onyx/[object Object],62,0.9841482639312744
https://ecraft2learn.github.io/ai/onyx/[object Object],67,1089,0,
https://ecraft2learn.github.io/ai/onyx/[object Object],67,0.10421819239854813
https://ecraft2learn.github.io/ai/onyx/[object Object],72,6435,1,
https://ecraft2learn.github.io/ai/onyx/[object Object],72,0.6416242718696594
https://ecraft2learn.github.io/ai/onyx/[object Object],77,755,20,
https://ecraft2learn.github.io/ai/onyx/[object Object],77,0.7476879954338074
https://ecraft2learn.github.io/ai/onyx/[object Object],82,4841,12,
https://ecraft2learn.github.io/ai/onyx/[object Object],82,0.47772732377052307
https://ecraft2learn.github.io/ai/onyx/[object Object],87,982,0,
https://ecraft2learn.github.io/ai/onyx/[object Object],87,0.9837657809257507
https://ecraft2learn.github.io/ai/onyx/[object Object],92,397,0,
https://ecraft2learn.github.io/ai/onyx/[object Object],92,0.028020473197102547
https://ecraft2learn.github.io/ai/onyx/[object Object],97,936,0,
https://ecraft2learn.github.io/ai/onyx/[object Object],97,0.9341145753860474
https://ecraft2learn.github.io/ai/onyx/[object Object],102,898,3,
https://ecraft2learn.github.io/ai/onyx/[object Object],102,0.8897257447242737
https://ecraft2learn.github.io/ai/onyx/[object Object],107,5537,9,
https://ecraft2learn.github.io/ai/onyx/[object Object],107,0.5474247932434082
https://ecraft2learn.github.io/ai/onyx/[object Object],112,981,1,
https://ecraft2learn.github.io/ai/onyx/[object Object],112,0.9810763597488403
https://ecraft2learn.github.io/ai/onyx/[object Object],117,6732,1,
https://ecraft2learn.github.io/ai/onyx/[object Object],117,0.6674377918243408
https://ecraft2learn.github.io/ai/onyx/[object Object],122,991,0,
https://ecraft2learn.github.io/ai/onyx/[object Object],122,0.9931961297988892
https://ecraft2learn.github.io/ai/onyx/[object Object],127,991,0,
https://ecraft2learn.github.io/ai/onyx/[object Object],127,0.9880961775779724
https://ecraft2learn.github.io/ai/onyx/[object Object],132,982,0,
https://ecraft2learn.github.io/ai/onyx/[object Object],132,0.9784237742424011
https://ecraft2learn.github.io/ai/onyx/[object Object],137,7127,2,
https://ecraft2learn.github.io/ai/onyx/[object Object],137,0.7086125612258911
https://ecraft2learn.github.io/ai/onyx/[object Object],142,1584,1,
https://ecraft2learn.github.io/ai/onyx/[object Object],142,0.15017817914485931
https://ecraft2learn.github.io/ai/onyx/[object Object],147,980,2,
https://ecraft2learn.github.io/ai/onyx/[object Object],147,0.9807015061378479
https://ecraft2learn.github.io/ai/onyx/[object Object],152,982,0,
https://ecraft2learn.github.io/ai/onyx/[object Object],152,0.9795611500740051
https://ecraft2learn.github.io/ai/onyx/[object Object],157,981,0,
https://ecraft2learn.github.io/ai/onyx/[object Object],157,0.9841017127037048
https://ecraft2learn.github.io/ai/onyx/[object Object],162,2616,57,
https://ecraft2learn.github.io/ai/onyx/[object Object],162,0.2640242278575897
https://ecraft2learn.github.io/ai/onyx/[object Object],167,1000,0,
https://ecraft2learn.github.io/ai/onyx/[object Object],167,0.9987743496894836
https://ecraft2learn.github.io/ai/onyx/[object Object],172,6024,16,
https://ecraft2learn.github.io/ai/onyx/[object Object],172,0.5989381074905396
https://ecraft2learn.github.io/ai/onyx/[object Object],177,7723,0,
https://ecraft2learn.github.io/ai/onyx/[object Object],177,0.7676958441734314
https://ecraft2learn.github.io/ai/onyx/[object Object],182,1000,0,
https://ecraft2learn.github.io/ai/onyx/[object Object],182,0.9963103532791138
https://ecraft2learn.github.io/ai/onyx/[object Object],187,990,0,
https://ecraft2learn.github.io/ai/onyx/[object Object],187,0.9934003353118896
https://ecraft2learn.github.io/ai/onyx/[object Object],192,1000,0,
https://ecraft2learn.github.io/ai/onyx/[object Object],192,0.9958800673484802
https://ecraft2learn.github.io/ai/onyx/[object Object],197,244,72,
https://ecraft2learn.github.io/ai/onyx/[object Object],197,0.2447241246700287
https://ecraft2learn.github.io/ai/onyx/[object Object],202,5247,1,
https://ecraft2learn.github.io/ai/onyx/[object Object],202,0.5193972587585449
https://ecraft2learn.github.io/ai/onyx/[object Object],207,3268,0,
https://ecraft2learn.github.io/ai/onyx/[object Object],207,0.3179795742034912
https://ecraft2learn.github.io/ai/onyx/[object Object],212,2476,0,
https://ecraft2learn.github.io/ai/onyx/[object Object],212,0.24212554097175598
https://ecraft2learn.github.io/ai/onyx/[object Object],217,991,0,
https://ecraft2learn.github.io/ai/onyx/[object Object],217,0.9910887479782104
https://ecraft2learn.github.io/ai/onyx/[object Object],222,1000,0,
https://ecraft2learn.github.io/ai/onyx/[object Object],222,0.9970475435256958
https://ecraft2learn.github.io/ai/onyx/[object Object],227,3466,0,
https://ecraft2learn.github.io/ai/onyx/[object Object],227,0.34179720282554626
https://ecraft2learn.github.io/ai/onyx/[object Object],232,991,0,
https://ecraft2learn.github.io/ai/onyx/[object Object],232,0.9915728569030762
https://ecraft2learn.github.io/ai/onyx/[object Object],237,1000,0,
https://ecraft2learn.github.io/ai/onyx/[object Object],237,0.9962875843048096
https://ecraft2learn.github.io/ai/onyx/[object Object],242,2872,0,
https://ecraft2learn.github.io/ai/onyx/[object Object],242,0.28155797719955444
https://ecraft2learn.github.io/ai/onyx/[object Object],247,892,9,
https://ecraft2learn.github.io/ai/onyx/[object Object],247,0.886009156703949
https://ecraft2learn.github.io/ai/onyx/[object Object],252,1000,0,
https://ecraft2learn.github.io/ai/onyx/[object Object],252,0.9993865489959717
https://ecraft2learn.github.io/ai/onyx/[object Object],257,1000,0,
https://ecraft2learn.github.io/ai/onyx/[object Object],257,0.9993865489959717
https://ecraft2learn.github.io/ai/onyx/[object Object],262,1000,0,
https://ecraft2learn.github.io/ai/onyx/[object Object],262,0.9993865489959717
https://ecraft2learn.github.io/ai/onyx/[object Object],267,1000,0,
https://ecraft2learn.github.io/ai/onyx/[object Object],267,0.9993865489959717
https://ecraft2learn.github.io/ai/onyx/[object Object],272,1000,0,
https://ecraft2learn.github.io/ai/onyx/[object Object],272,0.9993865489959717
https://ecraft2learn.github.io/ai/onyx/[object Object],277,1000,0,
https://ecraft2learn.github.io/ai/onyx/[object Object],277,0.9993865489959717
https://ecraft2learn.github.io/ai/onyx/[object Object],282,1000,0,
https://ecraft2learn.github.io/ai/onyx/[object Object],282,0.9993865489959717
https://ecraft2learn.github.io/ai/onyx/[object Object],287,1000,0,
https://ecraft2learn.github.io/ai/onyx/[object Object],287,0.9993865489959717
https://ecraft2learn.github.io/ai/onyx/[object Object],292,1000,0,
https://ecraft2learn.github.io/ai/onyx/[object Object],292,0.9993865489959717
https://ecraft2learn.github.io/ai/onyx/[object Object],297,1000,0,
https://ecraft2learn.github.io/ai/onyx/[object Object],297,0.9993865489959717
https://ecraft2learn.github.io/ai/onyx/[object Object],302,1000,0,
https://ecraft2learn.github.io/ai/onyx/[object Object],302,0.9970337748527527
https://ecraft2learn.github.io/ai/onyx/[object Object],307,1000,0,
https://ecraft2learn.github.io/ai/onyx/[object Object],307,0.9970337748527527
https://ecraft2learn.github.io/ai/onyx/[object Object],312,1000,0,
https://ecraft2learn.github.io/ai/onyx/[object Object],312,0.9970337748527527
https://ecraft2learn.github.io/ai/onyx/[object Object],317,1000,0,
https://ecraft2learn.github.io/ai/onyx/[object Object],317,0.9970337748527527
https://ecraft2learn.github.io/ai/onyx/[object Object],322,1000,0,
https://ecraft2learn.github.io/ai/onyx/[object Object],322,0.9991349577903748
https://ecraft2learn.github.io/ai/onyx/[object Object],327,1000,0,
https://ecraft2learn.github.io/ai/onyx/[object Object],327,0.9991349577903748
https://ecraft2learn.github.io/ai/onyx/[object Object],332,1000,0,
https://ecraft2learn.github.io/ai/onyx/[object Object],332,0.9991349577903748
https://ecraft2learn.github.io/ai/onyx/[object Object],337,1000,0,
https://ecraft2learn.github.io/ai/onyx/[object Object],337,0.9991349577903748
https://ecraft2learn.github.io/ai/onyx/[object Object],342,23,95,
https://ecraft2learn.github.io/ai/onyx/[object Object],342,0.02388833463191986
https://ecraft2learn.github.io/ai/onyx/[object Object],347,971,2,
https://ecraft2learn.github.io/ai/onyx/[object Object],347,0.9721075892448425
https://ecraft2learn.github.io/ai/onyx/[object Object],352,11,97,
https://ecraft2learn.github.io/ai/onyx/[object Object],352,0.013152757659554482
https://ecraft2learn.github.io/ai/onyx/[object Object],357,972,1,
https://ecraft2learn.github.io/ai/onyx/[object Object],357,0.9682533144950867
https://ecraft2learn.github.io/ai/onyx/[object Object],362,1000,0,
https://ecraft2learn.github.io/ai/onyx/[object Object],362,0.9962113499641418
https://ecraft2learn.github.io/ai/onyx/[object Object],367,7327,0,
https://ecraft2learn.github.io/ai/onyx/[object Object],367,0.7258021235466003
https://ecraft2learn.github.io/ai/onyx/[object Object],372,7714,10,
https://ecraft2learn.github.io/ai/onyx/[object Object],372,0.7663416862487793
https://ecraft2learn.github.io/ai/onyx/[object Object],377,1000,0,
https://ecraft2learn.github.io/ai/onyx/[object Object],377,0.9996090531349182
https://ecraft2learn.github.io/ai/onyx/[object Object],382,899,2,
https://ecraft2learn.github.io/ai/onyx/[object Object],382,0.885380208492279
https://ecraft2learn.github.io/ai/onyx/[object Object],387,776,17,
https://ecraft2learn.github.io/ai/onyx/[object Object],387,0.771136999130249
https://ecraft2learn.github.io/ai/onyx/[object Object],392,945,2,
https://ecraft2learn.github.io/ai/onyx/[object Object],392,0.9378887414932251
https://ecraft2learn.github.io/ai/onyx/[object Object],397,671,32,
https://ecraft2learn.github.io/ai/onyx/[object Object],397,0.6712993383407593
https://ecraft2learn.github.io/ai/onyx/[object Object],402,982,1,
https://ecraft2learn.github.io/ai/onyx/[object Object],402,0.9772881269454956
https://ecraft2learn.github.io/ai/onyx/[object Object],407,991,0,
https://ecraft2learn.github.io/ai/onyx/[object Object],407,0.9865075349807739
https://ecraft2learn.github.io/ai/onyx/[object Object],412,971,2,
https://ecraft2learn.github.io/ai/onyx/[object Object],412,0.9721075892448425
https://ecraft2learn.github.io/ai/onyx/[object Object],417,980,1,
https://ecraft2learn.github.io/ai/onyx/[object Object],417,0.9847704768180847
https://ecraft2learn.github.io/ai/onyx/[object Object],422,340,66,
https://ecraft2learn.github.io/ai/onyx/[object Object],422,0.3390781879425049
https://ecraft2learn.github.io/ai/onyx/[object Object],427,990,1,
https://ecraft2learn.github.io/ai/onyx/[object Object],427,0.9907606840133667
https://ecraft2learn.github.io/ai/onyx/[object Object],432,5835,8,
https://ecraft2learn.github.io/ai/onyx/[object Object],432,0.576926052570343
https://ecraft2learn.github.io/ai/onyx/[object Object],437,115,84,
https://ecraft2learn.github.io/ai/onyx/[object Object],437,0.10693752765655518
https://ecraft2learn.github.io/ai/onyx/[object Object],442,890,11,
https://ecraft2learn.github.io/ai/onyx/[object Object],442,0.8931771516799927
https://ecraft2learn.github.io/ai/onyx/[object Object],447,7029,2,
https://ecraft2learn.github.io/ai/onyx/[object Object],447,0.6969221234321594
https://ecraft2learn.github.io/ai/onyx/[object Object],452,671,31,
https://ecraft2learn.github.io/ai/onyx/[object Object],452,0.6731595396995544
https://ecraft2learn.github.io/ai/onyx/[object Object],457,1000,0,
https://ecraft2learn.github.io/ai/onyx/[object Object],457,0.9996028542518616
https://ecraft2learn.github.io/ai/onyx/[object Object],462,694,28,
https://ecraft2learn.github.io/ai/onyx/[object Object],462,0.6852697134017944
https://ecraft2learn.github.io/ai/onyx/[object Object],467,4117,42,
https://ecraft2learn.github.io/ai/onyx/[object Object],467,0.40583863854408264
https://ecraft2learn.github.io/ai/onyx/[object Object],472,896,5,
https://ecraft2learn.github.io/ai/onyx/[object Object],472,0.8943426012992859
https://ecraft2learn.github.io/ai/onyx/[object Object],477,802,18,
https://ecraft2learn.github.io/ai/onyx/[object Object],477,0.8022096753120422
https://ecraft2learn.github.io/ai/onyx/[object Object],482,896,5,
https://ecraft2learn.github.io/ai/onyx/[object Object],482,0.8943426012992859
https://ecraft2learn.github.io/ai/onyx/[object Object],487,6813,20,
https://ecraft2learn.github.io/ai/onyx/[object Object],487,0.679222047328949
https://ecraft2learn.github.io/ai/onyx/[object Object],492,4311,46,
https://ecraft2learn.github.io/ai/onyx/[object Object],492,0.42819687724113464
https://ecraft2learn.github.io/ai/onyx/[object Object],497,1000,0,
https://ecraft2learn.github.io/ai/onyx/[object Object],497,0.9990253448486328
https://ecraft2learn.github.io/ai/onyx/images/korean/melanonychia/semisuper_1020_12_97_240_324_dp0402a07g0035b5c.jpg,502,254,71,
https://ecraft2learn.github.io/ai/onyx/images/korean/melanonychia/semisuper_1020_12_97_240_324_dp0402a07g0035b5c.jpg,502,0.24561776220798492
https://ecraft2learn.github.io/ai/onyx/images/korean/melanonychia/semisuper_1087_376_89_741_454_melanonychia1.jpg,507,1485,0,
https://ecraft2learn.github.io/ai/onyx/images/korean/melanonychia/semisuper_1087_376_89_741_454_melanonychia1.jpg,507,0.14459702372550964
https://ecraft2learn.github.io/ai/onyx/images/korean/melanonychia/semisuper_1095_225_112_544_432_melanonychia_31c09f.jpg,512,991,0,
https://ecraft2learn.github.io/ai/onyx/images/korean/melanonychia/semisuper_1095_225_112_544_432_melanonychia_31c09f.jpg,512,0.9853763580322266
https://ecraft2learn.github.io/ai/onyx/images/korean/melanonychia/semisuper_1102_382_53_690_383_melanonychia5.jpg,517,3664,0,
https://ecraft2learn.github.io/ai/onyx/images/korean/melanonychia/semisuper_1102_382_53_690_383_melanonychia5.jpg,517,0.35738614201545715
https://ecraft2learn.github.io/ai/onyx/images/korean/melanonychia/semisuper_1111_473_534_817_878_melanonychia8.jpg,522,918,1,
https://ecraft2learn.github.io/ai/onyx/images/korean/melanonychia/semisuper_1111_473_534_817_878_melanonychia8.jpg,522,0.906812310218811
https://ecraft2learn.github.io/ai/onyx/images/korean/melanonychia/semisuper_1909_559_382_846_686_20140620-182421-66261584.jpg,527,972,0,
https://ecraft2learn.github.io/ai/onyx/images/korean/melanonychia/semisuper_1909_559_382_846_686_20140620-182421-66261584.jpg,527,0.9739453792572021
https://ecraft2learn.github.io/ai/onyx/images/korean/melanonychia/semisuper_2115_478_273_947_742_MelanomaInSituMISNailD.jpg,532,980,1,
https://ecraft2learn.github.io/ai/onyx/images/korean/melanonychia/semisuper_2115_478_273_947_742_MelanomaInSituMISNailD.jpg,532,0.9821405410766602
https://ecraft2learn.github.io/ai/onyx/images/korean/melanonychia/semisuper_2193_55_212_253_410_m_usat2_c191f003.jpg,537,793,0,
https://ecraft2learn.github.io/ai/onyx/images/korean/melanonychia/semisuper_2193_55_212_253_410_m_usat2_c191f003.jpg,537,0.06870289146900177
https://ecraft2learn.github.io/ai/onyx/images/korean/melanonychia/semisuper_2199_519_197_700_386_10287-DSC02388 (2).jpg,542,3940,21,
https://ecraft2learn.github.io/ai/onyx/images/korean/melanonychia/semisuper_2199_519_197_700_386_10287-DSC02388 (2).jpg,542,0.38970619440078735
https://ecraft2learn.github.io/ai/onyx/images/korean/melanonychia/semisuper_2220_597_366_1005_774_Longitud_melanonychia23.jpg,547,5743,0,
https://ecraft2learn.github.io/ai/onyx/images/korean/melanonychia/semisuper_2220_597_366_1005_774_Longitud_melanonychia23.jpg,547,0.5652681589126587
https://ecraft2learn.github.io/ai/onyx/images/korean/melanonychia/semisuper_2235_281_651_1068_1439_0241912.jpg,552,397,0,
https://ecraft2learn.github.io/ai/onyx/images/korean/melanonychia/semisuper_2235_281_651_1068_1439_0241912.jpg,552,0.027237016707658768
https://ecraft2learn.github.io/ai/onyx/images/korean/melanonychia/semisuper_2245_3062_751_3895_1584_0241902.jpg,557,1981,0,
https://ecraft2learn.github.io/ai/onyx/images/korean/melanonychia/semisuper_2245_3062_751_3895_1584_0241902.jpg,557,0.1889127939939499
https://ecraft2learn.github.io/ai/onyx/images/korean/melanonychia/semisuper_2255_542_194_851_503_LongitudinalMelanonychiaE2_rd.jpg,562,991,1,
https://ecraft2learn.github.io/ai/onyx/images/korean/melanonychia/semisuper_2255_542_194_851_503_LongitudinalMelanonychiaE2_rd.jpg,562,0.9854699373245239
https://ecraft2learn.github.io/ai/onyx/images/korean/melanonychia/semisuper_2265_279_304_558_584_dst30205f1.jpg,567,1000,0,
https://ecraft2learn.github.io/ai/onyx/images/korean/melanonychia/semisuper_2265_279_304_558_584_dst30205f1.jpg,567,0.9998135566711426
https://ecraft2learn.github.io/ai/onyx/images/korean/melanonychia/semisuper_2280_42_147_511_616_dst90037f3.jpg,572,942,3,
https://ecraft2learn.github.io/ai/onyx/images/korean/melanonychia/semisuper_2280_42_147_511_616_dst90037f3.jpg,572,0.9425536394119263
https://ecraft2learn.github.io/ai/onyx/images/korean/melanonychia/semisuper_2297_268_321_1008_1061_MisNail4.jpg,577,770,23,
https://ecraft2learn.github.io/ai/onyx/images/korean/melanonychia/semisuper_2297_268_321_1008_1061_MisNail4.jpg,577,0.7713388800621033
https://ecraft2learn.github.io/ai/onyx/images/korean/melanonychia/semisuper_2303_631_292_846_507_fig_18j(2).jpg,582,937,0,
https://ecraft2learn.github.io/ai/onyx/images/korean/melanonychia/semisuper_2303_631_292_846_507_fig_18j(2).jpg,582,0.9293728470802307
https://ecraft2learn.github.io/ai/onyx/images/korean/melanonychia/semisuper_2321_27_152_521_673_dst90037f5.jpg,587,964,0,
https://ecraft2learn.github.io/ai/onyx/images/korean/melanonychia/semisuper_2321_27_152_521_673_dst90037f5.jpg,587,0.9639492630958557
https://ecraft2learn.github.io/ai/onyx/images/korean/melanonychia/semisuper_2328_597_158_814_375_melanonychia_1_060721.jpg,592,973,0,
https://ecraft2learn.github.io/ai/onyx/images/korean/melanonychia/semisuper_2328_597_158_814_375_melanonychia_1_060721.jpg,592,0.9665716290473938
https://ecraft2learn.github.io/ai/onyx/images/korean/melanonychia/semisuper_2339_132_154_461_484_melanonychia-pictures-5.jpg,597,991,0,
https://ecraft2learn.github.io/ai/onyx/images/korean/melanonychia/semisuper_2339_132_154_461_484_melanonychia-pictures-5.jpg,597,0.9890870451927185
https://ecraft2learn.github.io/ai/onyx/images/korean/melanonychia/semisuper_2359_116_60_386_330_fig_15j(3).jpg,602,1000,0,
https://ecraft2learn.github.io/ai/onyx/images/korean/melanonychia/semisuper_2359_116_60_386_330_fig_15j(3).jpg,602,0.9992921948432922
https://ecraft2learn.github.io/ai/onyx/images/korean/melanonychia/semisuper_2370_249_172_467_391_m_usat2_c191f002.jpg,607,8713,0,
https://ecraft2learn.github.io/ai/onyx/images/korean/melanonychia/semisuper_2370_249_172_467_391_m_usat2_c191f002.jpg,607,0.8673330545425415
https://ecraft2learn.github.io/ai/onyx/images/korean/melanonychia/semisuper_246_550_1932_2138_3520_0241911.jpg,612,982,0,
https://ecraft2learn.github.io/ai/onyx/images/korean/melanonychia/semisuper_246_550_1932_2138_3520_0241911.jpg,612,0.9763672351837158
https://ecraft2learn.github.io/ai/onyx/images/korean/melanonychia/semisuper_330_30_71_574_669_usat2_c191f007.jpg,617,6832,0,
https://ecraft2learn.github.io/ai/onyx/images/korean/melanonychia/semisuper_330_30_71_574_669_usat2_c191f007.jpg,617,0.6838033199310303
https://ecraft2learn.github.io/ai/onyx/images/korean/melanonychia/semisuper_481_146_13_367_234_23zeusxirdco7tf8pg978h0i.jpg,622,2464,12,
https://ecraft2learn.github.io/ai/onyx/images/korean/melanonychia/semisuper_481_146_13_367_234_23zeusxirdco7tf8pg978h0i.jpg,622,0.24054132401943207
https://ecraft2learn.github.io/ai/onyx/images/korean/melanonychia/semisuper_554_201_119_501_418_00002330_standalone.jpg,627,7320,6,
https://ecraft2learn.github.io/ai/onyx/images/korean/melanonychia/semisuper_554_201_119_501_418_00002330_standalone.jpg,627,0.734553873538971
https://ecraft2learn.github.io/ai/onyx/images/korean/melanonychia/semisuper_759_228_96_841_709_Figure-1j.jpg,632,8713,0,
https://ecraft2learn.github.io/ai/onyx/images/korean/melanonychia/semisuper_759_228_96_841_709_Figure-1j.jpg,632,0.8682979941368103
https://ecraft2learn.github.io/ai/onyx/images/korean/melanonychia/semisuper_910_768_382_1609_1223_dark-lines-in-fingernails.jpg,637,5741,2,
https://ecraft2learn.github.io/ai/onyx/images/korean/melanonychia/semisuper_910_768_382_1609_1223_dark-lines-in-fingernails.jpg,637,0.5680857300758362
https://ecraft2learn.github.io/ai/onyx/images/korean/melanonychia/semisuper_994_127_72_350_295_952186.fig.007.jpg,642,8711,2,
https://ecraft2learn.github.io/ai/onyx/images/korean/melanonychia/semisuper_994_127_72_350_295_952186.fig.007.jpg,642,0.8710108995437622
https://ecraft2learn.github.io/ai/onyx/images/korean/melanonychia/semisuper_jpn_273_135_88_529_491_img0051.jpg,647,990,0,
https://ecraft2learn.github.io/ai/onyx/images/korean/melanonychia/semisuper_jpn_273_135_88_529_491_img0051.jpg,647,0.9912343621253967
https://ecraft2learn.github.io/ai/onyx/images/korean/melanonychia/semisuper_jpn_407_571_534_788_751_nejmicm1009305_f1.jpeg,652,918,0,
https://ecraft2learn.github.io/ai/onyx/images/korean/melanonychia/semisuper_jpn_407_571_534_788_751_nejmicm1009305_f1.jpeg,652,0.910992443561554
https://ecraft2learn.github.io/ai/onyx/images/korean/melanonychia/semisuper_kor_265_292_138_474_320_th_2721D13F53FDB9C030C78A.jpg,657,973,1,
https://ecraft2learn.github.io/ai/onyx/images/korean/melanonychia/semisuper_kor_265_292_138_474_320_th_2721D13F53FDB9C030C78A.jpg,657,0.9690031409263611
https://ecraft2learn.github.io/ai/onyx/images/korean/melanonychia/semisuper_kor_812_219_10_409_200_th_266C1A35581913C61152DF.jpg,662,991,0,
https://ecraft2learn.github.io/ai/onyx/images/korean/melanonychia/semisuper_kor_812_219_10_409_200_th_266C1A35581913C61152DF.jpg,662,0.9911941885948181
https://ecraft2learn.github.io/ai/onyx/images/korean/melanonychia/semisuper_kor_846_131_357_331_557_U1422432619.jpg,667,824,13,
https://ecraft2learn.github.io/ai/onyx/images/korean/melanonychia/semisuper_kor_846_131_357_331_557_U1422432619.jpg,667,0.8231251239776611
https://ecraft2learn.github.io/ai/onyx/images/korean/naildystrophy/semisuper_0_14_10_210_207_2nail-fungus (2).jpg,672,6436,0,
https://ecraft2learn.github.io/ai/onyx/images/korean/naildystrophy/semisuper_0_14_10_210_207_2nail-fungus (2).jpg,672,0.6373142600059509
https://ecraft2learn.github.io/ai/onyx/images/korean/naildystrophy/semisuper_1010_761_76_949_263_Roseman 004.jpg,677,8713,0,
https://ecraft2learn.github.io/ai/onyx/images/korean/naildystrophy/semisuper_1010_761_76_949_263_Roseman 004.jpg,677,0.8706651926040649
https://ecraft2learn.github.io/ai/onyx/images/korean/naildystrophy/semisuper_1022_352_187_609_459_305143-305144-305303-1653908.jpg,682,980,1,
https://ecraft2learn.github.io/ai/onyx/images/korean/naildystrophy/semisuper_1022_352_187_609_459_305143-305144-305303-1653908.jpg,682,0.9834567308425903
https://ecraft2learn.github.io/ai/onyx/images/korean/naildystrophy/semisuper_1030_304_593_737_1025_0279801.jpg,687,1612,72,
https://ecraft2learn.github.io/ai/onyx/images/korean/naildystrophy/semisuper_1030_304_593_737_1025_0279801.jpg,687,0.15791313350200653
https://ecraft2learn.github.io/ai/onyx/images/korean/naildystrophy/semisuper_1041_334_241_507_414_onicomicose-ilustracao.jpg,692,940,6,
https://ecraft2learn.github.io/ai/onyx/images/korean/naildystrophy/semisuper_1041_334_241_507_414_onicomicose-ilustracao.jpg,692,0.9411956071853638
https://ecraft2learn.github.io/ai/onyx/images/korean/naildystrophy/semisuper_1050_523_307_986_770_PsoriasisNails.jpg,697,750,25,
https://ecraft2learn.github.io/ai/onyx/images/korean/naildystrophy/semisuper_1050_523_307_986_770_PsoriasisNails.jpg,697,0.7536630034446716
https://ecraft2learn.github.io/ai/onyx/images/korean/naildystrophy/semisuper_1056_722_472_956_705_043782HB.jpg,702,970,3,
https://ecraft2learn.github.io/ai/onyx/images/korean/naildystrophy/semisuper_1056_722_472_956_705_043782HB.jpg,702,0.9688552618026733
https://ecraft2learn.github.io/ai/onyx/images/korean/naildystrophy/semisuper_1062_54_263_322_531_IndianDermatolOnlineJ_2011_2_2_57_85991_f4.jpg,707,777,16,
https://ecraft2learn.github.io/ai/onyx/images/korean/naildystrophy/semisuper_1062_54_263_322_531_IndianDermatolOnlineJ_2011_2_2_57_85991_f4.jpg,707,0.7702627182006836
https://ecraft2learn.github.io/ai/onyx/images/korean/naildystrophy/semisuper_1072_541_109_909_477_TtlerP.jpg,712,781,21,
https://ecraft2learn.github.io/ai/onyx/images/korean/naildystrophy/semisuper_1072_541_109_909_477_TtlerP.jpg,712,0.7830435037612915
https://ecraft2learn.github.io/ai/onyx/images/korean/naildystrophy/semisuper_1115_631_279_844_492_median-nail-dystrophy5.jpg,717,980,1,
https://ecraft2learn.github.io/ai/onyx/images/korean/naildystrophy/semisuper_1115_631_279_844_492_median-nail-dystrophy5.jpg,717,0.9838107824325562
https://ecraft2learn.github.io/ai/onyx/images/korean/naildystrophy/semisuper_1121_192_8_352_169_nail_dystrophy3.jpg,722,990,1,
https://ecraft2learn.github.io/ai/onyx/images/korean/naildystrophy/semisuper_1121_192_8_352_169_nail_dystrophy3.jpg,722,0.9887630939483643
https://ecraft2learn.github.io/ai/onyx/images/korean/naildystrophy/semisuper_1126_110_86_444_420_nail-dystrophy-d1bkcd.jpg,727,981,1,
https://ecraft2learn.github.io/ai/onyx/images/korean/naildystrophy/semisuper_1126_110_86_444_420_nail-dystrophy-d1bkcd.jpg,727,0.9819483160972595
https://ecraft2learn.github.io/ai/onyx/images/korean/naildystrophy/semisuper_1133_606_189_932_515_median-nail-dystrophy7.jpg,732,946,0,
https://ecraft2learn.github.io/ai/onyx/images/korean/naildystrophy/semisuper_1133_606_189_932_515_median-nail-dystrophy7.jpg,732,0.9446015954017639
https://ecraft2learn.github.io/ai/onyx/images/korean/naildystrophy/semisuper_1138_411_101_810_500_alopecia-areata-nailsalopecia-universalis-with-twenty-nail-dystrophy-rwdrfcz1.jpg,737,900,10,
https://ecraft2learn.github.io/ai/onyx/images/korean/naildystrophy/semisuper_1138_411_101_810_500_alopecia-areata-nailsalopecia-universalis-with-twenty-nail-dystrophy-rwdrfcz1.jpg,737,0.9009135365486145
https://ecraft2learn.github.io/ai/onyx/images/korean/naildystrophy/semisuper_1143_165_49_672_557_median-nail-dystrophy_14446208604e6674b99bfb5.jpg,742,940,5,
https://ecraft2learn.github.io/ai/onyx/images/korean/naildystrophy/semisuper_1143_165_49_672_557_median-nail-dystrophy_14446208604e6674b99bfb5.jpg,742,0.9425373673439026
https://ecraft2learn.github.io/ai/onyx/images/korean/naildystrophy/semisuper_1156_166_89_382_305_psoriasis01.jpg,747,591,40,
https://ecraft2learn.github.io/ai/onyx/images/korean/naildystrophy/semisuper_1156_166_89_382_305_psoriasis01.jpg,747,0.5865317583084106
https://ecraft2learn.github.io/ai/onyx/images/korean/naildystrophy/semisuper_1168_990_522_1681_1213_nail-pic.jpg,752,731,26,
https://ecraft2learn.github.io/ai/onyx/images/korean/naildystrophy/semisuper_1168_990_522_1681_1213_nail-pic.jpg,752,0.7294545769691467
https://ecraft2learn.github.io/ai/onyx/images/korean/naildystrophy/semisuper_1177_169_409_362_603_slide_18.jpg,757,8213,5,
https://ecraft2learn.github.io/ai/onyx/images/korean/naildystrophy/semisuper_1177_169_409_362_603_slide_18.jpg,757,0.8190352916717529
https://ecraft2learn.github.io/ai/onyx/images/korean/naildystrophy/semisuper_118_446_92_714_360_Onycholysis_right_hand_34yo_male_ring_and_little_fingers_non-fungal.jpg,762,916,3,
https://ecraft2learn.github.io/ai/onyx/images/korean/naildystrophy/semisuper_118_446_92_714_360_Onycholysis_right_hand_34yo_male_ring_and_little_fingers_non-fungal.jpg,762,0.9099640846252441
https://ecraft2learn.github.io/ai/onyx/images/korean/naildystrophy/semisuper_1197_285_398_475_588_gr2.jpg,767,1000,0,
https://ecraft2learn.github.io/ai/onyx/images/korean/naildystrophy/semisuper_1197_285_398_475_588_gr2.jpg,767,0.9960935711860657
https://ecraft2learn.github.io/ai/onyx/images/korean/naildystrophy/semisuper_1204_602_601_827_825_OnychomycosisE4.jpg,772,960,4,
https://ecraft2learn.github.io/ai/onyx/images/korean/naildystrophy/semisuper_1204_602_601_827_825_OnychomycosisE4.jpg,772,0.9629748463630676
https://ecraft2learn.github.io/ai/onyx/images/korean/naildystrophy/semisuper_1212_394_141_898_645_pt0906ce1.jpg,777,951,4,
https://ecraft2learn.github.io/ai/onyx/images/korean/naildystrophy/semisuper_1212_394_141_898_645_pt0906ce1.jpg,777,0.9524005055427551
https://ecraft2learn.github.io/ai/onyx/images/korean/naildystrophy/semisuper_1240_12_106_235_335_IndianJDermatol_2014_59_4_319_135470_f9.jpg,782,918,1,
https://ecraft2learn.github.io/ai/onyx/images/korean/naildystrophy/semisuper_1240_12_106_235_335_IndianJDermatol_2014_59_4_319_135470_f9.jpg,782,0.9078065752983093
https://ecraft2learn.github.io/ai/onyx/images/korean/naildystrophy/semisuper_1251_455_174_713_432_ijdvl_2012_78_3_309_95445_f8.jpg,787,7721,1,
https://ecraft2learn.github.io/ai/onyx/images/korean/naildystrophy/semisuper_1251_455_174_713_432_ijdvl_2012_78_3_309_95445_f8.jpg,787,0.7717677354812622
https://ecraft2learn.github.io/ai/onyx/images/korean/naildystrophy/semisuper_1257_579_326_823_569_screen_shot_2014-10-30_at_110750_am-149619BC7641300282B.jpg,792,960,4,
https://ecraft2learn.github.io/ai/onyx/images/korean/naildystrophy/semisuper_1257_579_326_823_569_screen_shot_2014-10-30_at_110750_am-149619BC7641300282B.jpg,792,0.95618736743927
https://ecraft2learn.github.io/ai/onyx/images/korean/naildystrophy/semisuper_1276_381_608_608_835_fig_3abcj(2).jpg,797,960,4,
https://ecraft2learn.github.io/ai/onyx/images/korean/naildystrophy/semisuper_1276_381_608_608_835_fig_3abcj(2).jpg,797,0.9579347372055054
https://ecraft2learn.github.io/ai/onyx/images/korean/naildystrophy/semisuper_1283_525_625_824_924_026220HB.JPG,802,90,91,
https://ecraft2learn.github.io/ai/onyx/images/korean/naildystrophy/semisuper_1283_525_625_824_924_026220HB.JPG,802,0.09276346117258072
https://ecraft2learn.github.io/ai/onyx/images/korean/naildystrophy/semisuper_1294_169_269_444_544_Onycholysis_2-19.jpg,807,940,6,
https://ecraft2learn.github.io/ai/onyx/images/korean/naildystrophy/semisuper_1294_169_269_444_544_Onycholysis_2-19.jpg,807,0.9424440264701843
https://ecraft2learn.github.io/ai/onyx/images/korean/naildystrophy/semisuper_1308_193_13_450_253_Fig-1-Examples-of-pretreatment-and-posttreatment-of-onychomycosis-A-Patient.jpg,812,700,30,
https://ecraft2learn.github.io/ai/onyx/images/korean/naildystrophy/semisuper_1308_193_13_450_253_Fig-1-Examples-of-pretreatment-and-posttreatment-of-onychomycosis-A-Patient.jpg,812,0.7010422945022583
https://ecraft2learn.github.io/ai/onyx/images/korean/naildystrophy/semisuper_1316_511_110_724_324_slide_16.jpg,817,981,0,
https://ecraft2learn.github.io/ai/onyx/images/korean/naildystrophy/semisuper_1316_511_110_724_324_slide_16.jpg,817,0.9814437031745911
https://ecraft2learn.github.io/ai/onyx/images/korean/naildystrophy/semisuper_1337_203_70_501_368_psoriasis-affecting-the-nail-showing-pitting-onychlysis-abf9gk.jpg,822,120,88,
https://ecraft2learn.github.io/ai/onyx/images/korean/naildystrophy/semisuper_1337_203_70_501_368_psoriasis-affecting-the-nail-showing-pitting-onychlysis-abf9gk.jpg,822,0.12305470556020737
https://ecraft2learn.github.io/ai/onyx/images/korean/naildystrophy/semisuper_1348_13_16_256_315_onycholysis1335212757425.jpg,827,8712,1,
https://ecraft2learn.github.io/ai/onyx/images/korean/naildystrophy/semisuper_1348_13_16_256_315_onycholysis1335212757425.jpg,827,0.8712823390960693
https://ecraft2learn.github.io/ai/onyx/images/korean/naildystrophy/semisuper_1355_235_26_618_410_ijdvl_2012_78_3_271_95441_f5.jpg,832,7425,1,
https://ecraft2learn.github.io/ai/onyx/images/korean/naildystrophy/semisuper_1355_235_26_618_410_ijdvl_2012_78_3_271_95441_f5.jpg,832,0.7420704960823059
https://ecraft2learn.github.io/ai/onyx/images/korean/naildystrophy/semisuper_1368_171_161_519_456_onycholysis-12.jpg,837,982,1,
https://ecraft2learn.github.io/ai/onyx/images/korean/naildystrophy/semisuper_1368_171_161_519_456_onycholysis-12.jpg,837,0.9772883653640747
https://ecraft2learn.github.io/ai/onyx/images/korean/naildystrophy/semisuper_1376_376_73_832_529_dof120020f1.jpg,842,980,2,
https://ecraft2learn.github.io/ai/onyx/images/korean/naildystrophy/semisuper_1376_376_73_832_529_dof120020f1.jpg,842,0.9779069423675537
https://ecraft2learn.github.io/ai/onyx/images/korean/naildystrophy/semisuper_139_108_12_332_228_wc_140610_oncymycosis_800x600.jpg,847,970,3,
https://ecraft2learn.github.io/ai/onyx/images/korean/naildystrophy/semisuper_139_108_12_332_228_wc_140610_oncymycosis_800x600.jpg,847,0.9651774764060974
https://ecraft2learn.github.io/ai/onyx/images/korean/naildystrophy/semisuper_1409_207_552_431_776_Dscn0088.jpg,852,960,4,
https://ecraft2learn.github.io/ai/onyx/images/korean/naildystrophy/semisuper_1409_207_552_431_776_Dscn0088.jpg,852,0.9640002250671387
https://ecraft2learn.github.io/ai/onyx/images/korean/naildystrophy/semisuper_1448_1130_516_2612_1998_0396917.jpg,857,20,98,
https://ecraft2learn.github.io/ai/onyx/images/korean/naildystrophy/semisuper_1448_1130_516_2612_1998_0396917.jpg,857,0.015272672288119793
https://ecraft2learn.github.io/ai/onyx/images/korean/naildystrophy/semisuper_1460_648_398_874_623_002_tinea-unguium.jpg,862,800,20,
https://ecraft2learn.github.io/ai/onyx/images/korean/naildystrophy/semisuper_1460_648_398_874_623_002_tinea-unguium.jpg,862,0.7971070408821106
https://ecraft2learn.github.io/ai/onyx/images/korean/naildystrophy/semisuper_1482_172_270_361_460_ijdvl_2011_77_6_659_86475_f6.jpg,867,942,4,
https://ecraft2learn.github.io/ai/onyx/images/korean/naildystrophy/semisuper_1482_172_270_361_460_ijdvl_2011_77_6_659_86475_f6.jpg,867,0.942370593547821
https://ecraft2learn.github.io/ai/onyx/images/korean/naildystrophy/semisuper_1509_1543_1296_2155_1908_onychomycosis-mild-case.jpg,872,815,14,
https://ecraft2learn.github.io/ai/onyx/images/korean/naildystrophy/semisuper_1509_1543_1296_2155_1908_onychomycosis-mild-case.jpg,872,0.807226300239563
https://ecraft2learn.github.io/ai/onyx/images/korean/naildystrophy/semisuper_151_1222_673_1531_981_1346_1.jpg,877,980,2,
https://ecraft2learn.github.io/ai/onyx/images/korean/naildystrophy/semisuper_151_1222_673_1531_981_1346_1.jpg,877,0.9839558601379395
https://ecraft2learn.github.io/ai/onyx/images/korean/naildystrophy/semisuper_153_315_444_621_750_036236HB.jpg,882,851,14,
https://ecraft2learn.github.io/ai/onyx/images/korean/naildystrophy/semisuper_153_315_444_621_750_036236HB.jpg,882,0.850488007068634
https://ecraft2learn.github.io/ai/onyx/images/korean/naildystrophy/semisuper_1557_184_547_552_916_036930HB.JPG,887,650,35,
https://ecraft2learn.github.io/ai/onyx/images/korean/naildystrophy/semisuper_1557_184_547_552_916_036930HB.JPG,887,0.6529117226600647
https://ecraft2learn.github.io/ai/onyx/images/korean/naildystrophy/semisuper_1569_182_424_424_666_Fig_4_-_tinea_unguium_526_800_70_http_www.pcds.org.ukeeassetsimgwatermark.gif_0_0_80_r_b_-5_-5_.jpg,892,560,44,
https://ecraft2learn.github.io/ai/onyx/images/korean/naildystrophy/semisuper_1569_182_424_424_666_Fig_4_-_tinea_unguium_526_800_70_http_www.pcds.org.ukeeassetsimgwatermark.gif_0_0_80_r_b_-5_-5_.jpg,892,0.5572607517242432
https://ecraft2learn.github.io/ai/onyx/images/korean/naildystrophy/semisuper_157_375_57_588_323_ca_ss_sb7503_121573.jpg,897,964,0,
https://ecraft2learn.github.io/ai/onyx/images/korean/naildystrophy/semisuper_157_375_57_588_323_ca_ss_sb7503_121573.jpg,897,0.9560539722442627
https://ecraft2learn.github.io/ai/onyx/images/korean/naildystrophy/semisuper_1598_1374_555_1625_805_036062HB.JPG,902,982,0,
https://ecraft2learn.github.io/ai/onyx/images/korean/naildystrophy/semisuper_1598_1374_555_1625_805_036062HB.JPG,902,0.9818497896194458
https://ecraft2learn.github.io/ai/onyx/images/korean/naildystrophy/semisuper_1622_193_13_450_253_Fig-1-Examples-of-pretreatment-and-posttreatment-of-onychomycosis-A-Patient.jpg,907,700,30,
https://ecraft2learn.github.io/ai/onyx/images/korean/naildystrophy/semisuper_1622_193_13_450_253_Fig-1-Examples-of-pretreatment-and-posttreatment-of-onychomycosis-A-Patient.jpg,907,0.7010422945022583
https://ecraft2learn.github.io/ai/onyx/images/korean/naildystrophy/semisuper_163_217_177_397_357_IndianDermatolOnlineJ_2012_3_3_224_101832_u1.jpg,912,981,1,
https://ecraft2learn.github.io/ai/onyx/images/korean/naildystrophy/semisuper_163_217_177_397_357_IndianDermatolOnlineJ_2012_3_3_224_101832_u1.jpg,912,0.9782681465148926
https://ecraft2learn.github.io/ai/onyx/images/korean/naildystrophy/semisuper_1648_325_97_599_371_L-onychomycosis-fungus.jpg,917,930,7,
https://ecraft2learn.github.io/ai/onyx/images/korean/naildystrophy/semisuper_1648_325_97_599_371_L-onychomycosis-fungus.jpg,917,0.9344466924667358
https://ecraft2learn.github.io/ai/onyx/images/korean/naildystrophy/semisuper_1657_1971_396_2362_787_IMG_0906-e1424204253476.jpg,922,2030,50,
https://ecraft2learn.github.io/ai/onyx/images/korean/naildystrophy/semisuper_1657_1971_396_2362_787_IMG_0906-e1424204253476.jpg,922,0.20261503756046295
https://ecraft2learn.github.io/ai/onyx/images/korean/naildystrophy/semisuper_1676_76_371_435_702_slide_21.jpg,927,400,60,
https://ecraft2learn.github.io/ai/onyx/images/korean/naildystrophy/semisuper_1676_76_371_435_702_slide_21.jpg,927,0.3958795666694641
https://ecraft2learn.github.io/ai/onyx/images/korean/naildystrophy/semisuper_1695_55_413_897_1255_jof-01-00030-g007-1024.jpg,932,800,20,
https://ecraft2learn.github.io/ai/onyx/images/korean/naildystrophy/semisuper_1695_55_413_897_1255_jof-01-00030-g007-1024.jpg,932,0.7988712787628174
https://ecraft2learn.github.io/ai/onyx/images/korean/naildystrophy/semisuper_1719_502_260_760_518_037079HB.JPG,937,980,2,
https://ecraft2learn.github.io/ai/onyx/images/korean/naildystrophy/semisuper_1719_502_260_760_518_037079HB.JPG,937,0.9847124218940735
https://ecraft2learn.github.io/ai/onyx/images/korean/naildystrophy/semisuper_1731_50_459_338_748_fig_6j(14).jpg,942,741,26,
https://ecraft2learn.github.io/ai/onyx/images/korean/naildystrophy/semisuper_1731_50_459_338_748_fig_6j(14).jpg,942,0.7358285784721375
https://ecraft2learn.github.io/ai/onyx/images/korean/naildystrophy/semisuper_1740_253_43_585_376_3j.jpg,947,720,28,
https://ecraft2learn.github.io/ai/onyx/images/korean/naildystrophy/semisuper_1740_253_43_585_376_3j.jpg,947,0.7186278104782104
https://ecraft2learn.github.io/ai/onyx/images/korean/naildystrophy/semisuper_1754_413_128_623_338_onychomycosis-ct4gp6.jpg,952,920,8,
https://ecraft2learn.github.io/ai/onyx/images/korean/naildystrophy/semisuper_1754_413_128_623_338_onychomycosis-ct4gp6.jpg,952,0.9183647036552429
https://ecraft2learn.github.io/ai/onyx/images/korean/naildystrophy/semisuper_1766_497_343_1162_1009_ProximalSubungualonycho.jpg,957,821,17,
https://ecraft2learn.github.io/ai/onyx/images/korean/naildystrophy/semisuper_1766_497_343_1162_1009_ProximalSubungualonycho.jpg,957,0.8200384378433228
https://ecraft2learn.github.io/ai/onyx/images/korean/naildystrophy/semisuper_178_428_130_712_418_gr14_lrg.jpg,962,1000,0,
https://ecraft2learn.github.io/ai/onyx/images/korean/naildystrophy/semisuper_178_428_130_712_418_gr14_lrg.jpg,962,0.9996224045753479
https://ecraft2learn.github.io/ai/onyx/images/korean/naildystrophy/semisuper_1810_42_85_267_310_81uWVw6ur-L._SL1500_.jpg,967,763,21,
https://ecraft2learn.github.io/ai/onyx/images/korean/naildystrophy/semisuper_1810_42_85_267_310_81uWVw6ur-L._SL1500_.jpg,967,0.7582977414131165
https://ecraft2learn.github.io/ai/onyx/images/korean/naildystrophy/semisuper_184_563_269_867_573_splinter-bloeding-nagels-1.jpg,972,964,0,
https://ecraft2learn.github.io/ai/onyx/images/korean/naildystrophy/semisuper_184_563_269_867_573_splinter-bloeding-nagels-1.jpg,972,0.9630772471427917
https://ecraft2learn.github.io/ai/onyx/images/korean/naildystrophy/semisuper_1877_198_235_405_443_twenty-nail-dystrophy-3.jpg,977,8416,0,
https://ecraft2learn.github.io/ai/onyx/images/korean/naildystrophy/semisuper_1877_198_235_405_443_twenty-nail-dystrophy-3.jpg,977,0.8402903079986572
https://ecraft2learn.github.io/ai/onyx/images/korean/naildystrophy/semisuper_1881_11_154_220_379_336_2.jpg,982,930,7,
https://ecraft2learn.github.io/ai/onyx/images/korean/naildystrophy/semisuper_1881_11_154_220_379_336_2.jpg,982,0.9335352778434753
https://ecraft2learn.github.io/ai/onyx/images/korean/naildystrophy/semisuper_1888_259_121_657_519_psoriasis.JPG,987,210,79,
https://ecraft2learn.github.io/ai/onyx/images/korean/naildystrophy/semisuper_1888_259_121_657_519_psoriasis.JPG,987,0.2101675122976303
https://ecraft2learn.github.io/ai/onyx/images/korean/naildystrophy/semisuper_1895_324_16_560_253_IndianJDermatol_2014_59_4_319_135470_f11.jpg,992,1000,0,
https://ecraft2learn.github.io/ai/onyx/images/korean/naildystrophy/semisuper_1895_324_16_560_253_IndianJDermatol_2014_59_4_319_135470_f11.jpg,992,0.9988610148429871
https://ecraft2learn.github.io/ai/onyx/images/korean/naildystrophy/semisuper_189_637_421_1172_955_025662HB.jpg,997,990,1,
https://ecraft2learn.github.io/ai/onyx/images/korean/naildystrophy/semisuper_189_637_421_1172_955_025662HB.jpg,997,0.9880443215370178
https://ecraft2learn.github.io/ai/onyx/images/korean/naildystrophy/semisuper_1907_281_140_502_361_fig06b.jpeg,1002,860,14,
https://ecraft2learn.github.io/ai/onyx/images/korean/naildystrophy/semisuper_1907_281_140_502_361_fig06b.jpeg,1002,0.8592310547828674
https://ecraft2learn.github.io/ai/onyx/images/korean/naildystrophy/semisuper_1913_196_280_407_479_IndianDermatolOnlineJ_2013_4_3_225_115527_f1.jpg,1007,870,13,
https://ecraft2learn.github.io/ai/onyx/images/korean/naildystrophy/semisuper_1913_196_280_407_479_IndianDermatolOnlineJ_2013_4_3_225_115527_f1.jpg,1007,0.8735507726669312
https://ecraft2learn.github.io/ai/onyx/images/korean/naildystrophy/semisuper_191_139_176_618_655_025662HB.jpg,1012,964,0,
https://ecraft2learn.github.io/ai/onyx/images/korean/naildystrophy/semisuper_191_139_176_618_655_025662HB.jpg,1012,0.9576656818389893
https://ecraft2learn.github.io/ai/onyx/images/korean/naildystrophy/semisuper_1924_98_170_356_428_718695-fig5.jpg,1017,440,56,
https://ecraft2learn.github.io/ai/onyx/images/korean/naildystrophy/semisuper_1924_98_170_356_428_718695-fig5.jpg,1017,0.44334375858306885
https://ecraft2learn.github.io/ai/onyx/images/korean/naildystrophy/semisuper_1936_308_201_573_466_nail_dystrophy9.jpg,1022,970,3,
https://ecraft2learn.github.io/ai/onyx/images/korean/naildystrophy/semisuper_1936_308_201_573_466_nail_dystrophy9.jpg,1022,0.9733278751373291
https://ecraft2learn.github.io/ai/onyx/images/korean/naildystrophy/semisuper_1947_1388_947_1856_1416_051507_8b.jpg,1027,980,2,
https://ecraft2learn.github.io/ai/onyx/images/korean/naildystrophy/semisuper_1947_1388_947_1856_1416_051507_8b.jpg,1027,0.9783852696418762
https://ecraft2learn.github.io/ai/onyx/images/korean/naildystrophy/semisuper_1958_110_104_284_279_twenty-nail-dystrophy-11.jpg,1032,973,0,
https://ecraft2learn.github.io/ai/onyx/images/korean/naildystrophy/semisuper_1958_110_104_284_279_twenty-nail-dystrophy-11.jpg,1032,0.9655691981315613
https://ecraft2learn.github.io/ai/onyx/images/korean/naildystrophy/semisuper_1963_351_236_846_731_nervous_habit_1_020513.jpg,1037,801,20,
https://ecraft2learn.github.io/ai/onyx/images/korean/naildystrophy/semisuper_1963_351_236_846_731_nervous_habit_1_020513.jpg,1037,0.7965843081474304
https://ecraft2learn.github.io/ai/onyx/images/korean/naildystrophy/semisuper_1974_41_33_386_378_mediane-canaliforme-dystrofie-heller-1.jpg,1042,690,31,
https://ecraft2learn.github.io/ai/onyx/images/korean/naildystrophy/semisuper_1974_41_33_386_378_mediane-canaliforme-dystrofie-heller-1.jpg,1042,0.6891613602638245
https://ecraft2learn.github.io/ai/onyx/images/korean/naildystrophy/semisuper_197_352_318_621_584_f40-6_cutaneous_mycosis.jpg,1047,950,5,
https://ecraft2learn.github.io/ai/onyx/images/korean/naildystrophy/semisuper_197_352_318_621_584_f40-6_cutaneous_mycosis.jpg,1047,0.9513905644416809
https://ecraft2learn.github.io/ai/onyx/images/korean/naildystrophy/semisuper_1985_224_615_478_869_026066HB.JPG,1052,310,69,
https://ecraft2learn.github.io/ai/onyx/images/korean/naildystrophy/semisuper_1985_224_615_478_869_026066HB.JPG,1052,0.307698130607605
https://ecraft2learn.github.io/ai/onyx/images/korean/naildystrophy/semisuper_1990_383_854_593_1065_026066HB.JPG,1057,630,37,
https://ecraft2learn.github.io/ai/onyx/images/korean/naildystrophy/semisuper_1990_383_854_593_1065_026066HB.JPG,1057,0.6275506615638733
https://ecraft2learn.github.io/ai/onyx/images/korean/naildystrophy/semisuper_2001_766_534_1047_815_026085HB.JPG,1062,880,12,
https://ecraft2learn.github.io/ai/onyx/images/korean/naildystrophy/semisuper_2001_766_534_1047_815_026085HB.JPG,1062,0.8807733058929443
https://ecraft2learn.github.io/ai/onyx/images/korean/naildystrophy/semisuper_2010_19_230_370_642_025676HB.JPG,1067,3364,3,
https://ecraft2learn.github.io/ai/onyx/images/korean/naildystrophy/semisuper_2010_19_230_370_642_025676HB.JPG,1067,0.32590538263320923
https://ecraft2learn.github.io/ai/onyx/images/korean/naildystrophy/semisuper_2023_1487_2032_1911_2456_white nail-3-.JPG,1072,1770,14,
https://ecraft2learn.github.io/ai/onyx/images/korean/naildystrophy/semisuper_2023_1487_2032_1911_2456_white nail-3-.JPG,1072,0.16789741814136505
https://ecraft2learn.github.io/ai/onyx/images/korean/naildystrophy/semisuper_2033_129_650_486_1007_onychomycosis yellow.jpg,1077,950,5,
https://ecraft2learn.github.io/ai/onyx/images/korean/naildystrophy/semisuper_2033_129_650_486_1007_onychomycosis yellow.jpg,1077,0.9479555487632751
https://ecraft2learn.github.io/ai/onyx/images/korean/naildystrophy/semisuper_2043_240_120_461_342_10.5923.j.ajdv.20150403.02_002.jpg,1082,650,35,
https://ecraft2learn.github.io/ai/onyx/images/korean/naildystrophy/semisuper_2043_240_120_461_342_10.5923.j.ajdv.20150403.02_002.jpg,1082,0.6546913385391235
https://ecraft2learn.github.io/ai/onyx/images/korean/naildystrophy/semisuper_2051_694_310_966_583_20140620-223151-81111908.jpg,1087,970,2,
https://ecraft2learn.github.io/ai/onyx/images/korean/naildystrophy/semisuper_2051_694_310_966_583_20140620-223151-81111908.jpg,1087,0.9730780720710754
https://ecraft2learn.github.io/ai/onyx/images/korean/naildystrophy/semisuper_2066_934_251_1204_521_4j.jpg,1092,941,5,
https://ecraft2learn.github.io/ai/onyx/images/korean/naildystrophy/semisuper_2066_934_251_1204_521_4j.jpg,1092,0.9364725947380066
https://ecraft2learn.github.io/ai/onyx/images/korean/naildystrophy/semisuper_2076_379_670_614_905_026046HB.JPG,1097,953,2,
https://ecraft2learn.github.io/ai/onyx/images/korean/naildystrophy/semisuper_2076_379_670_614_905_026046HB.JPG,1097,0.9502789378166199
https://ecraft2learn.github.io/ai/onyx/images/korean/naildystrophy/semisuper_2080_565_711_788_934_026046HB.JPG,1102,931,7,
https://ecraft2learn.github.io/ai/onyx/images/korean/naildystrophy/semisuper_2080_565_711_788_934_026046HB.JPG,1102,0.925815999507904
https://ecraft2learn.github.io/ai/onyx/images/korean/naildystrophy/semisuper_2085_330_348_507_524_200810fig3.jpg,1107,1000,0,
https://ecraft2learn.github.io/ai/onyx/images/korean/naildystrophy/semisuper_2085_330_348_507_524_200810fig3.jpg,1107,0.9992116689682007
https://ecraft2learn.github.io/ai/onyx/images/korean/naildystrophy/semisuper_2092_323_262_632_571_3j.jpg,1112,7321,6,
https://ecraft2learn.github.io/ai/onyx/images/korean/naildystrophy/semisuper_2092_323_262_632_571_3j.jpg,1112,0.7289611101150513
https://ecraft2learn.github.io/ai/onyx/images/korean/naildystrophy/semisuper_2102_54_184_267_397_483_1.jpg,1117,936,1,
https://ecraft2learn.github.io/ai/onyx/images/korean/naildystrophy/semisuper_2102_54_184_267_397_483_1.jpg,1117,0.9302489161491394
https://ecraft2learn.github.io/ai/onyx/images/korean/naildystrophy/semisuper_2108_20_61_384_442_before-after-nail-treatment.jpg,1122,6038,2,
https://ecraft2learn.github.io/ai/onyx/images/korean/naildystrophy/semisuper_2108_20_61_384_442_before-after-nail-treatment.jpg,1122,0.6003240942955017
https://ecraft2learn.github.io/ai/onyx/images/korean/naildystrophy/semisuper_2119_1032_1689_1612_2270_10419-036 (3).JPG,1127,801,19,
https://ecraft2learn.github.io/ai/onyx/images/korean/naildystrophy/semisuper_2119_1032_1689_1612_2270_10419-036 (3).JPG,1127,0.8041701912879944
https://ecraft2learn.github.io/ai/onyx/images/korean/naildystrophy/semisuper_2124_191_242_710_761_051507_8a.jpg,1132,921,7,
https://ecraft2learn.github.io/ai/onyx/images/korean/naildystrophy/semisuper_2124_191_242_710_761_051507_8a.jpg,1132,0.9220272302627563
https://ecraft2learn.github.io/ai/onyx/images/korean/naildystrophy/semisuper_2130_71_181_425_535_NailNurse1.jpg,1137,890,2,
https://ecraft2learn.github.io/ai/onyx/images/korean/naildystrophy/semisuper_2130_71_181_425_535_NailNurse1.jpg,1137,0.07617980986833572
https://ecraft2learn.github.io/ai/onyx/images/korean/naildystrophy/semisuper_2135_141_185_369_413_ijdvl_2011_77_6_640_86470_f2.jpg,1142,909,1,
https://ecraft2learn.github.io/ai/onyx/images/korean/naildystrophy/semisuper_2135_141_185_369_413_ijdvl_2011_77_6_640_86470_f2.jpg,1142,0.9017179012298584
https://ecraft2learn.github.io/ai/onyx/images/korean/naildystrophy/semisuper_213_861_347_1131_617_029778HB.jpg,1147,6331,6,
https://ecraft2learn.github.io/ai/onyx/images/korean/naildystrophy/semisuper_213_861_347_1131_617_029778HB.jpg,1147,0.6272803544998169
https://ecraft2learn.github.io/ai/onyx/images/korean/naildystrophy/semisuper_2144_62_56_242_237_twenty-nail-dystrophy-2.jpg,1152,832,15,
https://ecraft2learn.github.io/ai/onyx/images/korean/naildystrophy/semisuper_2144_62_56_242_237_twenty-nail-dystrophy-2.jpg,1152,0.8276081085205078
https://ecraft2learn.github.io/ai/onyx/images/korean/naildystrophy/semisuper_2149_142_182_328_368_trachy.jpg,1157,1000,0,
https://ecraft2learn.github.io/ai/onyx/images/korean/naildystrophy/semisuper_2149_142_182_328_368_trachy.jpg,1157,0.9974360466003418
https://ecraft2learn.github.io/ai/onyx/images/korean/naildystrophy/semisuper_2153_521_366_989_835_TwentyNailDystrophy.jpg,1162,990,1,
https://ecraft2learn.github.io/ai/onyx/images/korean/naildystrophy/semisuper_2153_521_366_989_835_TwentyNailDystrophy.jpg,1162,0.9945765137672424
https://ecraft2learn.github.io/ai/onyx/images/korean/naildystrophy/semisuper_2163_1109_427_1389_707_dysk-f2.jpg,1167,980,2,
https://ecraft2learn.github.io/ai/onyx/images/korean/naildystrophy/semisuper_2163_1109_427_1389_707_dysk-f2.jpg,1167,0.9810497164726257
https://ecraft2learn.github.io/ai/onyx/images/korean/naildystrophy/semisuper_2171_230_249_409_428_m_dof8002f1.jpg,1172,440,56,
https://ecraft2learn.github.io/ai/onyx/images/korean/naildystrophy/semisuper_2171_230_249_409_428_m_dof8002f1.jpg,1172,0.4445757269859314
https://ecraft2learn.github.io/ai/onyx/images/korean/naildystrophy/semisuper_2176_499_353_783_613_dce05005f1.jpg,1177,990,1,
https://ecraft2learn.github.io/ai/onyx/images/korean/naildystrophy/semisuper_2176_499_353_783_613_dce05005f1.jpg,1177,0.9914180040359497
https://ecraft2learn.github.io/ai/onyx/images/korean/naildystrophy/semisuper_2187_440_418_623_601_slide_8.jpg,1182,3466,0,
https://ecraft2learn.github.io/ai/onyx/images/korean/naildystrophy/semisuper_2187_440_418_623_601_slide_8.jpg,1182,0.3372158408164978
https://ecraft2learn.github.io/ai/onyx/images/korean/naildystrophy/semisuper_21_1109_1024_1526_1442_onychomycosis-extreme-case.jpg,1187,462,52,
https://ecraft2learn.github.io/ai/onyx/images/korean/naildystrophy/semisuper_21_1109_1024_1526_1442_onychomycosis-extreme-case.jpg,1187,0.4588155150413513
https://ecraft2learn.github.io/ai/onyx/images/korean/naildystrophy/semisuper_220_69_277_254_454_yellow-nails-pictures-4.jpg,1192,711,28,
https://ecraft2learn.github.io/ai/onyx/images/korean/naildystrophy/semisuper_220_69_277_254_454_yellow-nails-pictures-4.jpg,1192,0.7083742618560791
https://ecraft2learn.github.io/ai/onyx/images/korean/naildystrophy/semisuper_222_1130_516_2612_1998_0396917.jpg,1197,20,98,
https://ecraft2learn.github.io/ai/onyx/images/korean/naildystrophy/semisuper_222_1130_516_2612_1998_0396917.jpg,1197,0.015272672288119793
https://ecraft2learn.github.io/ai/onyx/images/korean/naildystrophy/semisuper_2251_418_104_606_292_Brown_banding.jpg,1202,950,5,
https://ecraft2learn.github.io/ai/onyx/images/korean/naildystrophy/semisuper_2251_418_104_606_292_Brown_banding.jpg,1202,0.9453890919685364
https://ecraft2learn.github.io/ai/onyx/images/korean/naildystrophy/semisuper_2268_648_435_871_657_fig_19j(1).jpg,1207,750,25,
https://ecraft2learn.github.io/ai/onyx/images/korean/naildystrophy/semisuper_2268_648_435_871_657_fig_19j(1).jpg,1207,0.7505990862846375
https://ecraft2learn.github.io/ai/onyx/images/korean/naildystrophy/semisuper_2283_835_268_1137_569_fig_2a-fj.jpg,1212,8317,1,
https://ecraft2learn.github.io/ai/onyx/images/korean/naildystrophy/semisuper_2283_835_268_1137_569_fig_2a-fj.jpg,1212,0.82780921459198
https://ecraft2learn.github.io/ai/onyx/images/korean/naildystrophy/semisuper_2288_188_444_435_692_fig_2a-fj.jpg,1217,3664,0,
https://ecraft2learn.github.io/ai/onyx/images/korean/naildystrophy/semisuper_2288_188_444_435_692_fig_2a-fj.jpg,1217,0.3557262122631073
https://ecraft2learn.github.io/ai/onyx/images/korean/naildystrophy/semisuper_2309_1001_1722_1607_2328_Fig_1ajj.jpg,1222,440,56,
https://ecraft2learn.github.io/ai/onyx/images/korean/naildystrophy/semisuper_2309_1001_1722_1607_2328_Fig_1ajj.jpg,1222,0.43812334537506104
https://ecraft2learn.github.io/ai/onyx/images/korean/naildystrophy/semisuper_2319_33_515_267_722_JCutanAesthetSurg_2011_4_3_167_91247_f5.jpg,1227,806,14,
https://ecraft2learn.github.io/ai/onyx/images/korean/naildystrophy/semisuper_2319_33_515_267_722_JCutanAesthetSurg_2011_4_3_167_91247_f5.jpg,1227,0.8049488663673401
https://ecraft2learn.github.io/ai/onyx/images/korean/naildystrophy/semisuper_2336_488_339_820_670_slide_35.jpg,1232,990,1,
https://ecraft2learn.github.io/ai/onyx/images/korean/naildystrophy/semisuper_2336_488_339_820_670_slide_35.jpg,1232,0.9904723167419434
https://ecraft2learn.github.io/ai/onyx/images/korean/naildystrophy/semisuper_2373_108_100_425_418_9.jpg,1237,955,0,
https://ecraft2learn.github.io/ai/onyx/images/korean/naildystrophy/semisuper_2373_108_100_425_418_9.jpg,1237,0.9536411166191101
https://ecraft2learn.github.io/ai/onyx/images/korean/naildystrophy/semisuper_2387_990_522_1681_1213_nail-pic.jpg,1242,731,26,
https://ecraft2learn.github.io/ai/onyx/images/korean/naildystrophy/semisuper_2387_990_522_1681_1213_nail-pic.jpg,1242,0.7294545769691467
https://ecraft2learn.github.io/ai/onyx/images/korean/naildystrophy/semisuper_2395_331_122_542_333_567_2.jpg,1247,1000,0,
https://ecraft2learn.github.io/ai/onyx/images/korean/naildystrophy/semisuper_2395_331_122_542_333_567_2.jpg,1247,0.9954532384872437
https://ecraft2learn.github.io/ai/onyx/images/korean/naildystrophy/semisuper_2407_1230_18_1559_347_026245HB.JPG,1252,925,3,
https://ecraft2learn.github.io/ai/onyx/images/korean/naildystrophy/semisuper_2407_1230_18_1559_347_026245HB.JPG,1252,0.9181941151618958
https://ecraft2learn.github.io/ai/onyx/images/korean/naildystrophy/semisuper_2412_185_588_383_786_gr2.jpg,1257,891,10,
https://ecraft2learn.github.io/ai/onyx/images/korean/naildystrophy/semisuper_2412_185_588_383_786_gr2.jpg,1257,0.8904696106910706
https://ecraft2learn.github.io/ai/onyx/images/korean/naildystrophy/semisuper_241_530_101_862_432_1327_1.jpg,1262,250,75,
https://ecraft2learn.github.io/ai/onyx/images/korean/naildystrophy/semisuper_241_530_101_862_432_1327_1.jpg,1262,0.2474549114704132
https://ecraft2learn.github.io/ai/onyx/images/korean/naildystrophy/semisuper_243_346_742_737_1132_RRNail3.jpg,1267,4554,1,
https://ecraft2learn.github.io/ai/onyx/images/korean/naildystrophy/semisuper_243_346_742_737_1132_RRNail3.jpg,1267,0.4476296901702881
https://ecraft2learn.github.io/ai/onyx/images/korean/naildystrophy/semisuper_2453_48_279_303_534_992f977010f0d4fb056425c7e20f1cf9.jpg,1272,990,1,
https://ecraft2learn.github.io/ai/onyx/images/korean/naildystrophy/semisuper_2453_48_279_303_534_992f977010f0d4fb056425c7e20f1cf9.jpg,1272,0.9942976832389832
https://ecraft2learn.github.io/ai/onyx/images/korean/naildystrophy/semisuper_245_368_207_922_760_closeup-fingernail-leukonychia-23677131.jpg,1277,944,2,
https://ecraft2learn.github.io/ai/onyx/images/korean/naildystrophy/semisuper_245_368_207_922_760_closeup-fingernail-leukonychia-23677131.jpg,1277,0.9391786456108093
https://ecraft2learn.github.io/ai/onyx/images/korean/naildystrophy/semisuper_2470_862_914_1110_1161_fig_3abcj(2).jpg,1282,930,7,
https://ecraft2learn.github.io/ai/onyx/images/korean/naildystrophy/semisuper_2470_862_914_1110_1161_fig_3abcj(2).jpg,1282,0.9280759692192078
https://ecraft2learn.github.io/ai/onyx/images/korean/naildystrophy/semisuper_2475_184_103_395_315_onycholysis-24.jpg,1287,1000,0,
https://ecraft2learn.github.io/ai/onyx/images/korean/naildystrophy/semisuper_2475_184_103_395_315_onycholysis-24.jpg,1287,0.9954876899719238
https://ecraft2learn.github.io/ai/onyx/images/korean/naildystrophy/semisuper_2494_193_13_450_253_Fig-1-Examples-of-pretreatment-and-posttreatment-of-onychomycosis-A-Patient.jpg,1292,700,30,
https://ecraft2learn.github.io/ai/onyx/images/korean/naildystrophy/semisuper_2494_193_13_450_253_Fig-1-Examples-of-pretreatment-and-posttreatment-of-onychomycosis-A-Patient.jpg,1292,0.7010422945022583
https://ecraft2learn.github.io/ai/onyx/images/korean/naildystrophy/semisuper_2501_17_84_338_407_3-226.jpg,1297,972,1,
https://ecraft2learn.github.io/ai/onyx/images/korean/naildystrophy/semisuper_2501_17_84_338_407_3-226.jpg,1297,0.9663476347923279
https://ecraft2learn.github.io/ai/onyx/images/korean/naildystrophy/semisuper_2520_203_70_501_368_psoriasis-affecting-the-nail-showing-pitting-onychlysis-abf9gk.jpg,1302,120,88,
https://ecraft2learn.github.io/ai/onyx/images/korean/naildystrophy/semisuper_2520_203_70_501_368_psoriasis-affecting-the-nail-showing-pitting-onychlysis-abf9gk.jpg,1302,0.12305470556020737
https://ecraft2learn.github.io/ai/onyx/images/korean/naildystrophy/semisuper_252_324_16_560_253_IndianJDermatol_2014_59_4_319_135470_f11.jpg,1307,1000,0,
https://ecraft2learn.github.io/ai/onyx/images/korean/naildystrophy/semisuper_252_324_16_560_253_IndianJDermatol_2014_59_4_319_135470_f11.jpg,1307,0.9988610148429871
https://ecraft2learn.github.io/ai/onyx/images/korean/naildystrophy/semisuper_253_40_221_253_435_IndianJDermatol_2014_59_4_319_135470_f11.jpg,1312,990,1,
https://ecraft2learn.github.io/ai/onyx/images/korean/naildystrophy/semisuper_253_40_221_253_435_IndianJDermatol_2014_59_4_319_135470_f11.jpg,1312,0.9935165643692017
https://ecraft2learn.github.io/ai/onyx/images/korean/naildystrophy/semisuper_2559_298_294_862_859_fig_5bj(4).jpg,1317,846,10,
https://ecraft2learn.github.io/ai/onyx/images/korean/naildystrophy/semisuper_2559_298_294_862_859_fig_5bj(4).jpg,1317,0.8411137461662292
https://ecraft2learn.github.io/ai/onyx/images/korean/naildystrophy/semisuper_263_105_1206_630_1731_fig_7abcj(3).jpg,1322,940,5,
https://ecraft2learn.github.io/ai/onyx/images/korean/naildystrophy/semisuper_263_105_1206_630_1731_fig_7abcj(3).jpg,1322,0.9447367191314697
https://ecraft2learn.github.io/ai/onyx/images/korean/naildystrophy/semisuper_270_41_57_428_445_Before-and-After-Laser-7.jpg,1327,6726,7,
https://ecraft2learn.github.io/ai/onyx/images/korean/naildystrophy/semisuper_270_41_57_428_445_Before-and-After-Laser-7.jpg,1327,0.6650892496109009
https://ecraft2learn.github.io/ai/onyx/images/korean/naildystrophy/semisuper_281_253_27_585_358_dlv40115f1.jpg,1332,863,11,
https://ecraft2learn.github.io/ai/onyx/images/korean/naildystrophy/semisuper_281_253_27_585_358_dlv40115f1.jpg,1332,0.8603371977806091
https://ecraft2learn.github.io/ai/onyx/images/korean/naildystrophy/semisuper_286_56_167_379_490_nejmicm0906698_f1.jpg,1337,950,4,
https://ecraft2learn.github.io/ai/onyx/images/korean/naildystrophy/semisuper_286_56_167_379_490_nejmicm0906698_f1.jpg,1337,0.9547430872917175
https://ecraft2learn.github.io/ai/onyx/images/korean/naildystrophy/semisuper_297_464_260_925_722_026421HB.jpg,1342,950,5,
https://ecraft2learn.github.io/ai/onyx/images/korean/naildystrophy/semisuper_297_464_260_925_722_026421HB.jpg,1342,0.9474964141845703
https://ecraft2learn.github.io/ai/onyx/images/korean/naildystrophy/semisuper_309_559_625_893_959_035574HB.jpg,1347,910,9,
https://ecraft2learn.github.io/ai/onyx/images/korean/naildystrophy/semisuper_309_559_625_893_959_035574HB.jpg,1347,0.9104909896850586
https://ecraft2learn.github.io/ai/onyx/images/korean/naildystrophy/semisuper_325_968_1130_1500_1662_051507_8b-1411AC3B2E32094F520.jpg,1352,990,1,
https://ecraft2learn.github.io/ai/onyx/images/korean/naildystrophy/semisuper_325_968_1130_1500_1662_051507_8b-1411AC3B2E32094F520.jpg,1352,0.9912962913513184
https://ecraft2learn.github.io/ai/onyx/images/korean/naildystrophy/semisuper_338_385_267_642_523_skin_transverse_nail1.jpg,1357,2368,9,
https://ecraft2learn.github.io/ai/onyx/images/korean/naildystrophy/semisuper_338_385_267_642_523_skin_transverse_nail1.jpg,1357,0.2310510277748108
https://ecraft2learn.github.io/ai/onyx/images/korean/naildystrophy/semisuper_349_129_79_471_421_00002322_standalone.jpg,1362,990,1,
https://ecraft2learn.github.io/ai/onyx/images/korean/naildystrophy/semisuper_349_129_79_471_421_00002322_standalone.jpg,1362,0.9880127906799316
https://ecraft2learn.github.io/ai/onyx/images/korean/naildystrophy/semisuper_361_44_98_208_262_025672HB.jpg,1367,5343,4,
https://ecraft2learn.github.io/ai/onyx/images/korean/naildystrophy/semisuper_361_44_98_208_262_025672HB.jpg,1367,0.5285519361495972
https://ecraft2learn.github.io/ai/onyx/images/korean/naildystrophy/semisuper_380_251_111_470_330_026085HB.jpg,1372,921,7,
https://ecraft2learn.github.io/ai/onyx/images/korean/naildystrophy/semisuper_380_251_111_470_330_026085HB.jpg,1372,0.9219834804534912
https://ecraft2learn.github.io/ai/onyx/images/korean/naildystrophy/semisuper_390_92_29_396_333_dlv80056f1.jpg,1377,914,5,
https://ecraft2learn.github.io/ai/onyx/images/korean/naildystrophy/semisuper_390_92_29_396_333_dlv80056f1.jpg,1377,0.913785994052887
https://ecraft2learn.github.io/ai/onyx/images/korean/naildystrophy/semisuper_396_680_407_1095_823_4002864444e470f5123d0b.jpg,1382,5941,0,
https://ecraft2learn.github.io/ai/onyx/images/korean/naildystrophy/semisuper_396_680_407_1095_823_4002864444e470f5123d0b.jpg,1382,0.5913602709770203
https://ecraft2learn.github.io/ai/onyx/images/korean/naildystrophy/semisuper_403_298_168_497_367_IMG_0772-940x705.jpg,1387,971,2,
https://ecraft2learn.github.io/ai/onyx/images/korean/naildystrophy/semisuper_403_298_168_497_367_IMG_0772-940x705.jpg,1387,0.9654624462127686
https://ecraft2learn.github.io/ai/onyx/images/korean/naildystrophy/semisuper_415_833_724_1167_1058_026484HB.jpg,1392,7722,1,
https://ecraft2learn.github.io/ai/onyx/images/korean/naildystrophy/semisuper_415_833_724_1167_1058_026484HB.jpg,1392,0.7735145688056946
https://ecraft2learn.github.io/ai/onyx/images/korean/naildystrophy/semisuper_427_41_263_243_466_DSC03094.JPG,1397,750,24,
https://ecraft2learn.github.io/ai/onyx/images/korean/naildystrophy/semisuper_427_41_263_243_466_DSC03094.JPG,1397,0.7525345683097839
https://ecraft2learn.github.io/ai/onyx/images/korean/naildystrophy/semisuper_434_296_323_932_959_026555HB.jpg,1402,981,1,
https://ecraft2learn.github.io/ai/onyx/images/korean/naildystrophy/semisuper_434_296_323_932_959_026555HB.jpg,1402,0.9843859672546387
https://ecraft2learn.github.io/ai/onyx/images/korean/naildystrophy/semisuper_43_12_548_238_774_toenail-onychomycosis-by-mangee.jpg,1407,8711,2,
https://ecraft2learn.github.io/ai/onyx/images/korean/naildystrophy/semisuper_43_12_548_238_774_toenail-onychomycosis-by-mangee.jpg,1407,0.8714666962623596
https://ecraft2learn.github.io/ai/onyx/images/korean/naildystrophy/semisuper_450_513_468_848_803_025666HB.jpg,1412,991,0,
https://ecraft2learn.github.io/ai/onyx/images/korean/naildystrophy/semisuper_450_513_468_848_803_025666HB.jpg,1412,0.991062581539154
https://ecraft2learn.github.io/ai/onyx/images/korean/naildystrophy/semisuper_45_174_54_362_241_toenail-fungus-home-treatment-800x800.jpg,1417,991,0,
https://ecraft2learn.github.io/ai/onyx/images/korean/naildystrophy/semisuper_45_174_54_362_241_toenail-fungus-home-treatment-800x800.jpg,1417,0.987238347530365
https://ecraft2learn.github.io/ai/onyx/images/korean/naildystrophy/semisuper_46_182_424_424_666_Fig_4_-_tinea_unguium_526_800_70_http_www.pcds.org.ukeeassetsimgwatermark.gif_0_0_80_r_b_-5_-5_.jpg,1422,560,44,
https://ecraft2learn.github.io/ai/onyx/images/korean/naildystrophy/semisuper_46_182_424_424_666_Fig_4_-_tinea_unguium_526_800_70_http_www.pcds.org.ukeeassetsimgwatermark.gif_0_0_80_r_b_-5_-5_.jpg,1422,0.5572607517242432
https://ecraft2learn.github.io/ai/onyx/images/korean/naildystrophy/semisuper_492_1185_23_1614_452_dst50029f2.jpg,1427,610,39,
https://ecraft2learn.github.io/ai/onyx/images/korean/naildystrophy/semisuper_492_1185_23_1614_452_dst50029f2.jpg,1427,0.6075080633163452
https://ecraft2learn.github.io/ai/onyx/images/korean/naildystrophy/semisuper_498_147_188_575_615_before_and_after_1.jpg,1432,900,10,
https://ecraft2learn.github.io/ai/onyx/images/korean/naildystrophy/semisuper_498_147_188_575_615_before_and_after_1.jpg,1432,0.9037761688232422
https://ecraft2learn.github.io/ai/onyx/images/korean/naildystrophy/semisuper_502_729_691_1106_1067_1346_2.jpg,1437,730,27,
https://ecraft2learn.github.io/ai/onyx/images/korean/naildystrophy/semisuper_502_729_691_1106_1067_1346_2.jpg,1437,0.7283445596694946
https://ecraft2learn.github.io/ai/onyx/images/korean/naildystrophy/semisuper_511_247_483_446_682_image011.jpg,1442,971,2,
https://ecraft2learn.github.io/ai/onyx/images/korean/naildystrophy/semisuper_511_247_483_446_682_image011.jpg,1442,0.9739153981208801
https://ecraft2learn.github.io/ai/onyx/images/korean/naildystrophy/semisuper_51_698_55_942_300__8427143_orig.jpg,1447,930,7,
https://ecraft2learn.github.io/ai/onyx/images/korean/naildystrophy/semisuper_51_698_55_942_300__8427143_orig.jpg,1447,0.9277980923652649
https://ecraft2learn.github.io/ai/onyx/images/korean/naildystrophy/semisuper_533_301_31_630_359_cardimage_3967518_01349676819655.jpg,1452,4428,28,
https://ecraft2learn.github.io/ai/onyx/images/korean/naildystrophy/semisuper_533_301_31_630_359_cardimage_3967518_01349676819655.jpg,1452,0.4380279779434204
https://ecraft2learn.github.io/ai/onyx/images/korean/naildystrophy/semisuper_539_12_153_236_378_00001870_standalone.jpg,1457,904,6,
https://ecraft2learn.github.io/ai/onyx/images/korean/naildystrophy/semisuper_539_12_153_236_378_00001870_standalone.jpg,1457,0.8966403007507324
https://ecraft2learn.github.io/ai/onyx/images/korean/naildystrophy/semisuper_546_655_336_864_546_fig_3abcj(2).jpg,1462,973,0,
https://ecraft2learn.github.io/ai/onyx/images/korean/naildystrophy/semisuper_546_655_336_864_546_fig_3abcj(2).jpg,1462,0.9707749485969543
https://ecraft2learn.github.io/ai/onyx/images/korean/naildystrophy/semisuper_571_311_675_617_982_20140609-232354-84234464.jpg,1467,8614,0,
https://ecraft2learn.github.io/ai/onyx/images/korean/naildystrophy/semisuper_571_311_675_617_982_20140609-232354-84234464.jpg,1467,0.8619316220283508
https://ecraft2learn.github.io/ai/onyx/images/korean/naildystrophy/semisuper_57_210_65_571_426_3-226.jpg,1472,990,0,
https://ecraft2learn.github.io/ai/onyx/images/korean/naildystrophy/semisuper_57_210_65_571_426_3-226.jpg,1472,0.9921613931655884
https://ecraft2learn.github.io/ai/onyx/images/korean/naildystrophy/semisuper_586_1018_736_1622_1501_1468604.jpg,1477,640,36,
https://ecraft2learn.github.io/ai/onyx/images/korean/naildystrophy/semisuper_586_1018_736_1622_1501_1468604.jpg,1477,0.6446882486343384
https://ecraft2learn.github.io/ai/onyx/images/korean/naildystrophy/semisuper_591_360_335_801_776_026359HB.jpg,1482,4838,13,
https://ecraft2learn.github.io/ai/onyx/images/korean/naildystrophy/semisuper_591_360_335_801_776_026359HB.jpg,1482,0.48310452699661255
https://ecraft2learn.github.io/ai/onyx/images/korean/naildystrophy/semisuper_603_553_189_908_543_dst30155f1.jpg,1487,833,14,
https://ecraft2learn.github.io/ai/onyx/images/korean/naildystrophy/semisuper_603_553_189_908_543_dst30155f1.jpg,1487,0.8293125629425049
https://ecraft2learn.github.io/ai/onyx/images/korean/naildystrophy/semisuper_632_60_298_294_532_q.jpg,1492,3647,17,
https://ecraft2learn.github.io/ai/onyx/images/korean/naildystrophy/semisuper_632_60_298_294_532_q.jpg,1492,0.3640495240688324
https://ecraft2learn.github.io/ai/onyx/images/korean/naildystrophy/semisuper_645_327_530_645_848_036253HB.jpg,1497,6632,2,
https://ecraft2learn.github.io/ai/onyx/images/korean/naildystrophy/semisuper_645_327_530_645_848_036253HB.jpg,1497,0.6587677597999573
https://ecraft2learn.github.io/ai/onyx/images/korean/naildystrophy/semisuper_652_1001_1722_1607_2328_Fig_1ajj.jpg,1502,440,56,
https://ecraft2learn.github.io/ai/onyx/images/korean/naildystrophy/semisuper_652_1001_1722_1607_2328_Fig_1ajj.jpg,1502,0.43812334537506104
https://ecraft2learn.github.io/ai/onyx/images/korean/naildystrophy/semisuper_659_37_9_210_183_fig_25j.jpg,1507,991,0,
https://ecraft2learn.github.io/ai/onyx/images/korean/naildystrophy/semisuper_659_37_9_210_183_fig_25j.jpg,1507,0.9919553995132446
https://ecraft2learn.github.io/ai/onyx/images/korean/naildystrophy/semisuper_685_471_423_854_805_026387HB.jpg,1512,970,3,
https://ecraft2learn.github.io/ai/onyx/images/korean/naildystrophy/semisuper_685_471_423_854_805_026387HB.jpg,1512,0.9697105884552002
https://ecraft2learn.github.io/ai/onyx/images/korean/naildystrophy/semisuper_698_116_236_349_468_img0047.jpg,1517,970,3,
https://ecraft2learn.github.io/ai/onyx/images/korean/naildystrophy/semisuper_698_116_236_349_468_img0047.jpg,1517,0.973309338092804
https://ecraft2learn.github.io/ai/onyx/images/korean/naildystrophy/semisuper_706_460_889_651_1068_036924HB.jpg,1522,950,5,
https://ecraft2learn.github.io/ai/onyx/images/korean/naildystrophy/semisuper_706_460_889_651_1068_036924HB.jpg,1522,0.9457127451896667
https://ecraft2learn.github.io/ai/onyx/images/korean/naildystrophy/semisuper_726_504_208_1352_1034_036244HB.jpg,1527,721,27,
https://ecraft2learn.github.io/ai/onyx/images/korean/naildystrophy/semisuper_726_504_208_1352_1034_036244HB.jpg,1527,0.7247471809387207
https://ecraft2learn.github.io/ai/onyx/images/korean/naildystrophy/semisuper_735_913_793_2126_2006_Beaus_lines.jpg,1532,900,10,
https://ecraft2learn.github.io/ai/onyx/images/korean/naildystrophy/semisuper_735_913_793_2126_2006_Beaus_lines.jpg,1532,0.8963128924369812
https://ecraft2learn.github.io/ai/onyx/images/korean/naildystrophy/semisuper_73_48_56_441_448_white-superficial-onychomycosis.jpg,1537,950,5,
https://ecraft2learn.github.io/ai/onyx/images/korean/naildystrophy/semisuper_73_48_56_441_448_white-superficial-onychomycosis.jpg,1537,0.9466769099235535
https://ecraft2learn.github.io/ai/onyx/images/korean/naildystrophy/semisuper_749_3470_1509_3883_1922_shutterstock_161804258.jpg,1542,51,94,
https://ecraft2learn.github.io/ai/onyx/images/korean/naildystrophy/semisuper_749_3470_1509_3883_1922_shutterstock_161804258.jpg,1542,0.04994663596153259
https://ecraft2learn.github.io/ai/onyx/images/korean/naildystrophy/semisuper_758_464_133_639_307_tuberous-sclerosis_20546884634ead8e5724858.jpg,1547,644,32,
https://ecraft2learn.github.io/ai/onyx/images/korean/naildystrophy/semisuper_758_464_133_639_307_tuberous-sclerosis_20546884634ead8e5724858.jpg,1547,0.6376204490661621
https://ecraft2learn.github.io/ai/onyx/images/korean/naildystrophy/semisuper_765_61_160_311_411_img0016.jpg,1552,1000,0,
https://ecraft2learn.github.io/ai/onyx/images/korean/naildystrophy/semisuper_765_61_160_311_411_img0016.jpg,1552,0.9959038496017456
https://ecraft2learn.github.io/ai/onyx/images/korean/naildystrophy/semisuper_786_279_297_929_947_025709HB.jpg,1557,1452,34,
https://ecraft2learn.github.io/ai/onyx/images/korean/naildystrophy/semisuper_786_279_297_929_947_025709HB.jpg,1557,0.13611161708831787
https://ecraft2learn.github.io/ai/onyx/images/korean/naildystrophy/semisuper_801_607_1765_1096_2254_leukonychia1.jpg,1562,390,7,
https://ecraft2learn.github.io/ai/onyx/images/korean/naildystrophy/semisuper_801_607_1765_1096_2254_leukonychia1.jpg,1562,0.030424023047089577
https://ecraft2learn.github.io/ai/onyx/images/korean/naildystrophy/semisuper_81_354_188_610_445_Onychomycosis-1.jpg,1567,980,2,
https://ecraft2learn.github.io/ai/onyx/images/korean/naildystrophy/semisuper_81_354_188_610_445_Onychomycosis-1.jpg,1567,0.9766215085983276
https://ecraft2learn.github.io/ai/onyx/images/korean/naildystrophy/semisuper_838_205_308_565_668_cardimage_3605523_01347609117527.jpg,1572,4851,1,
https://ecraft2learn.github.io/ai/onyx/images/korean/naildystrophy/semisuper_838_205_308_565_668_cardimage_3605523_01347609117527.jpg,1572,0.47988879680633545
https://ecraft2learn.github.io/ai/onyx/images/korean/naildystrophy/semisuper_857_657_488_925_755_036923HB.jpg,1577,950,5,
https://ecraft2learn.github.io/ai/onyx/images/korean/naildystrophy/semisuper_857_657_488_925_755_036923HB.jpg,1577,0.9521130919456482
https://ecraft2learn.github.io/ai/onyx/images/korean/naildystrophy/semisuper_862_925_480_1247_801_SplitNail.jpg,1582,776,17,
https://ecraft2learn.github.io/ai/onyx/images/korean/naildystrophy/semisuper_862_925_480_1247_801_SplitNail.jpg,1582,0.7732027173042297
https://ecraft2learn.github.io/ai/onyx/images/korean/naildystrophy/semisuper_878_808_194_1013_440_Nails-in-Dariers-disease.jpg,1587,1670,14,
https://ecraft2learn.github.io/ai/onyx/images/korean/naildystrophy/semisuper_878_808_194_1013_440_Nails-in-Dariers-disease.jpg,1587,0.15844909846782684
https://ecraft2learn.github.io/ai/onyx/images/korean/naildystrophy/semisuper_884_190_648_492_951_100_6505.jpg,1592,670,33,
https://ecraft2learn.github.io/ai/onyx/images/korean/naildystrophy/semisuper_884_190_648_492_951_100_6505.jpg,1592,0.6698981523513794
https://ecraft2learn.github.io/ai/onyx/images/korean/naildystrophy/semisuper_890_1741_609_2026_895_100_6505.jpg,1597,110,89,
https://ecraft2learn.github.io/ai/onyx/images/korean/naildystrophy/semisuper_890_1741_609_2026_895_100_6505.jpg,1597,0.11355990916490555
https://ecraft2learn.github.io/ai/onyx/images/korean/naildystrophy/semisuper_8_29_43_243_257_onychomycosis-1411AE5C4DC509B61F3.jpg,1602,832,15,
https://ecraft2learn.github.io/ai/onyx/images/korean/naildystrophy/semisuper_8_29_43_243_257_onychomycosis-1411AE5C4DC509B61F3.jpg,1602,0.827226996421814
https://ecraft2learn.github.io/ai/onyx/images/korean/naildystrophy/semisuper_922_406_566_786_946_026216HB.jpg,1607,951,4,
https://ecraft2learn.github.io/ai/onyx/images/korean/naildystrophy/semisuper_922_406_566_786_946_026216HB.jpg,1607,0.945616602897644
https://ecraft2learn.github.io/ai/onyx/images/korean/naildystrophy/semisuper_928_735_230_945_441_802_1.jpg,1612,4741,12,
https://ecraft2learn.github.io/ai/onyx/images/korean/naildystrophy/semisuper_928_735_230_945_441_802_1.jpg,1612,0.4699530601501465
https://ecraft2learn.github.io/ai/onyx/images/korean/naildystrophy/semisuper_940_774_685_1000_912_025670HB.jpg,1617,876,7,
https://ecraft2learn.github.io/ai/onyx/images/korean/naildystrophy/semisuper_940_774_685_1000_912_025670HB.jpg,1617,0.8692910075187683
https://ecraft2learn.github.io/ai/onyx/images/korean/naildystrophy/semisuper_94_676_573_919_815_Onycholysis_left_hand_34yo_male_ring_and_little_fingers_non-fungal.jpg,1622,898,3,
https://ecraft2learn.github.io/ai/onyx/images/korean/naildystrophy/semisuper_94_676_573_919_815_Onycholysis_left_hand_34yo_male_ring_and_little_fingers_non-fungal.jpg,1622,0.8942362666130066
https://ecraft2learn.github.io/ai/onyx/images/korean/naildystrophy/semisuper_957_502_260_760_518_037079HB.jpg,1627,980,2,
https://ecraft2learn.github.io/ai/onyx/images/korean/naildystrophy/semisuper_957_502_260_760_518_037079HB.jpg,1627,0.9847124218940735
https://ecraft2learn.github.io/ai/onyx/images/korean/naildystrophy/semisuper_966_896_389_1321_815_026365HB.jpg,1632,8713,0,
https://ecraft2learn.github.io/ai/onyx/images/korean/naildystrophy/semisuper_966_896_389_1321_815_026365HB.jpg,1632,0.8658878803253174
https://ecraft2learn.github.io/ai/onyx/images/korean/naildystrophy/semisuper_983_442_161_639_385_untitled-14DE964898A148F1687.jpg,1637,881,11,
https://ecraft2learn.github.io/ai/onyx/images/korean/naildystrophy/semisuper_983_442_161_639_385_untitled-14DE964898A148F1687.jpg,1637,0.8786974549293518
https://ecraft2learn.github.io/ai/onyx/images/korean/naildystrophy/semisuper_989_1066_32_1449_414_026089HB.jpg,1642,935,2,
https://ecraft2learn.github.io/ai/onyx/images/korean/naildystrophy/semisuper_989_1066_32_1449_414_026089HB.jpg,1642,0.9251052141189575
https://ecraft2learn.github.io/ai/onyx/images/korean/naildystrophy/semisuper_999_71_181_425_535_NailNurse1.jpg,1647,890,2,
https://ecraft2learn.github.io/ai/onyx/images/korean/naildystrophy/semisuper_999_71_181_425_535_NailNurse1.jpg,1647,0.07617980986833572
https://ecraft2learn.github.io/ai/onyx/images/korean/naildystrophy/semisuper_jpn_145_722_163_912_353_nail-athletes-foot.jpg,1652,982,1,
https://ecraft2learn.github.io/ai/onyx/images/korean/naildystrophy/semisuper_jpn_145_722_163_912_353_nail-athletes-foot.jpg,1652,0.9777020812034607
https://ecraft2learn.github.io/ai/onyx/images/korean/naildystrophy/semisuper_jpn_182_46_17_364_335_image02b.jpg,1657,980,1,
https://ecraft2learn.github.io/ai/onyx/images/korean/naildystrophy/semisuper_jpn_182_46_17_364_335_image02b.jpg,1657,0.9845030307769775
https://ecraft2learn.github.io/ai/onyx/images/korean/naildystrophy/semisuper_jpn_218_66_58_356_347_img0064.jpg,1662,300,70,
https://ecraft2learn.github.io/ai/onyx/images/korean/naildystrophy/semisuper_jpn_218_66_58_356_347_img0064.jpg,1662,0.3007119297981262
https://ecraft2learn.github.io/ai/onyx/images/korean/naildystrophy/semisuper_jpn_237_286_141_491_346_img0018.jpg,1667,971,2,
https://ecraft2learn.github.io/ai/onyx/images/korean/naildystrophy/semisuper_jpn_237_286_141_491_346_img0018.jpg,1667,0.9704805016517639
https://ecraft2learn.github.io/ai/onyx/images/korean/naildystrophy/semisuper_jpn_244_265_42_499_277_img0105.jpg,1672,960,3,
https://ecraft2learn.github.io/ai/onyx/images/korean/naildystrophy/semisuper_jpn_244_265_42_499_277_img0105.jpg,1672,0.9639115333557129
https://ecraft2learn.github.io/ai/onyx/images/korean/naildystrophy/semisuper_jpn_250_329_139_508_317_img0070.jpg,1677,990,1,
https://ecraft2learn.github.io/ai/onyx/images/korean/naildystrophy/semisuper_jpn_250_329_139_508_317_img0070.jpg,1677,0.9895467758178711
https://ecraft2learn.github.io/ai/onyx/images/korean/naildystrophy/semisuper_jpn_255_285_36_536_310_img0091.jpg,1682,963,1,
https://ecraft2learn.github.io/ai/onyx/images/korean/naildystrophy/semisuper_jpn_255_285_36_536_310_img0091.jpg,1682,0.9585002064704895
https://ecraft2learn.github.io/ai/onyx/images/korean/naildystrophy/semisuper_jpn_359_237_183_417_364_img0053.jpg,1687,903,6,
https://ecraft2learn.github.io/ai/onyx/images/korean/naildystrophy/semisuper_jpn_359_237_183_417_364_img0053.jpg,1687,0.9037672877311707
https://ecraft2learn.github.io/ai/onyx/images/korean/naildystrophy/semisuper_jpn_403_22_128_290_396_b5d7674510368afc5070145cc7ec6c02.jpg,1692,980,1,
https://ecraft2learn.github.io/ai/onyx/images/korean/naildystrophy/semisuper_jpn_403_22_128_290_396_b5d7674510368afc5070145cc7ec6c02.jpg,1692,0.9842882752418518
https://ecraft2learn.github.io/ai/onyx/images/korean/naildystrophy/semisuper_jpn_424_242_12_459_229_L-NA04disease-ony2-LR.jpg,1697,970,3,
https://ecraft2learn.github.io/ai/onyx/images/korean/naildystrophy/semisuper_jpn_424_242_12_459_229_L-NA04disease-ony2-LR.jpg,1697,0.9718939065933228
https://ecraft2learn.github.io/ai/onyx/images/korean/naildystrophy/semisuper_jpn_433_102_105_314_317_day80_01.jpg,1702,850,14,
https://ecraft2learn.github.io/ai/onyx/images/korean/naildystrophy/semisuper_jpn_433_102_105_314_317_day80_01.jpg,1702,0.8520946502685547
https://ecraft2learn.github.io/ai/onyx/images/korean/naildystrophy/semisuper_jpn_461_51_19_373_342_image18b.jpg,1707,990,1,
https://ecraft2learn.github.io/ai/onyx/images/korean/naildystrophy/semisuper_jpn_461_51_19_373_342_image18b.jpg,1707,0.9900270104408264
https://ecraft2learn.github.io/ai/onyx/images/korean/naildystrophy/semisuper_jpn_480_560_180_902_522_onycho_before_after.jpg,1712,130,87,
https://ecraft2learn.github.io/ai/onyx/images/korean/naildystrophy/semisuper_jpn_480_560_180_902_522_onycho_before_after.jpg,1712,0.1332320272922516
https://ecraft2learn.github.io/ai/onyx/images/korean/naildystrophy/semisuper_jpn_492_46_17_364_335_image02b.jpg,1717,980,1,
https://ecraft2learn.github.io/ai/onyx/images/korean/naildystrophy/semisuper_jpn_492_46_17_364_335_image02b.jpg,1717,0.9845030307769775
https://ecraft2learn.github.io/ai/onyx/images/korean/naildystrophy/semisuper_jpn_540_1171_29_1683_541_P1010349.jpg,1722,260,73,
https://ecraft2learn.github.io/ai/onyx/images/korean/naildystrophy/semisuper_jpn_540_1171_29_1683_541_P1010349.jpg,1722,0.26389914751052856
https://ecraft2learn.github.io/ai/onyx/images/korean/naildystrophy/semisuper_jpn_77_135_327_463_655_3b03965a.jpg,1727,982,1,
https://ecraft2learn.github.io/ai/onyx/images/korean/naildystrophy/semisuper_jpn_77_135_327_463_655_3b03965a.jpg,1727,0.9761233329772949
https://ecraft2learn.github.io/ai/onyx/images/korean/naildystrophy/semisuper_kor_1041_145_84_378_317_th_22224E4A51CB9B24282E7E.jpg,1732,841,15,
https://ecraft2learn.github.io/ai/onyx/images/korean/naildystrophy/semisuper_kor_1041_145_84_378_317_th_22224E4A51CB9B24282E7E.jpg,1732,0.8414685130119324
https://ecraft2learn.github.io/ai/onyx/images/korean/naildystrophy/semisuper_kor_195_878_90_1090_301_Anwhawhdfb.jpg,1737,900,10,
https://ecraft2learn.github.io/ai/onyx/images/korean/naildystrophy/semisuper_kor_195_878_90_1090_301_Anwhawhdfb.jpg,1737,0.8971607685089111
https://ecraft2learn.github.io/ai/onyx/images/korean/naildystrophy/semisuper_kor_301_605_1193_1312_1901_1455495057_3.jpg,1742,941,5,
https://ecraft2learn.github.io/ai/onyx/images/korean/naildystrophy/semisuper_kor_301_605_1193_1312_1901_1455495057_3.jpg,1742,0.939031183719635
https://ecraft2learn.github.io/ai/onyx/images/korean/naildystrophy/semisuper_kor_389_403_23_620_239_th_1861A03E4D3922FF162748.jpg,1747,870,13,
https://ecraft2learn.github.io/ai/onyx/images/korean/naildystrophy/semisuper_kor_389_403_23_620_239_th_1861A03E4D3922FF162748.jpg,1747,0.87099289894104
https://ecraft2learn.github.io/ai/onyx/images/korean/naildystrophy/semisuper_kor_414_40_55_286_301_11190697_1425928527714208_1045117195_n.jpg,1752,860,14,
https://ecraft2learn.github.io/ai/onyx/images/korean/naildystrophy/semisuper_kor_414_40_55_286_301_11190697_1425928527714208_1045117195_n.jpg,1752,0.8632766604423523
https://ecraft2learn.github.io/ai/onyx/images/korean/naildystrophy/semisuper_kor_46_1566_1303_1861_1598_PU01330064.jpg,1757,4353,4,
https://ecraft2learn.github.io/ai/onyx/images/korean/naildystrophy/semisuper_kor_46_1566_1303_1861_1598_PU01330064.jpg,1757,0.4324055016040802
https://ecraft2learn.github.io/ai/onyx/images/korean/naildystrophy/semisuper_kor_515_330_123_764_557_495.JPG,1762,793,18,
https://ecraft2learn.github.io/ai/onyx/images/korean/naildystrophy/semisuper_kor_515_330_123_764_557_495.JPG,1762,0.7883515357971191
https://ecraft2learn.github.io/ai/onyx/images/korean/naildystrophy/semisuper_kor_565_160_935_540_1315_13398984_311260832539488_2091984125_n.jpg,1767,750,25,
https://ecraft2learn.github.io/ai/onyx/images/korean/naildystrophy/semisuper_kor_565_160_935_540_1315_13398984_311260832539488_2091984125_n.jpg,1767,0.7545637488365173
https://ecraft2learn.github.io/ai/onyx/images/korean/naildystrophy/semisuper_kor_640_10_970_190_1165_cb6d52273f39c3e2bc03de7e04d84e93_1426585662.52.jpg,1772,845,11,
https://ecraft2learn.github.io/ai/onyx/images/korean/naildystrophy/semisuper_kor_640_10_970_190_1165_cb6d52273f39c3e2bc03de7e04d84e93_1426585662.52.jpg,1772,0.841301441192627
https://ecraft2learn.github.io/ai/onyx/images/korean/naildystrophy/semisuper_kor_683_491_20_725_255_20161107000326585.jpg,1777,520,48,
https://ecraft2learn.github.io/ai/onyx/images/korean/naildystrophy/semisuper_kor_683_491_20_725_255_20161107000326585.jpg,1777,0.5243774056434631
https://ecraft2learn.github.io/ai/onyx/images/korean/naildystrophy/semisuper_kor_699_106_48_382_325_20130916000545_0.jpg,1782,695,27,
https://ecraft2learn.github.io/ai/onyx/images/korean/naildystrophy/semisuper_kor_699_106_48_382_325_20130916000545_0.jpg,1782,0.6868876218795776
https://ecraft2learn.github.io/ai/onyx/images/korean/naildystrophy/semisuper_kor_810_78_174_254_350_49.jpg,1787,778,15,
https://ecraft2learn.github.io/ai/onyx/images/korean/naildystrophy/semisuper_kor_810_78_174_254_350_49.jpg,1787,0.766987144947052
https://ecraft2learn.github.io/ai/onyx/images/korean/naildystrophy/semisuper_kor_882_588_124_796_332_clinic15_img001.jpg,1792,990,1,
https://ecraft2learn.github.io/ai/onyx/images/korean/naildystrophy/semisuper_kor_882_588_124_796_332_clinic15_img001.jpg,1792,0.9924004077911377
https://ecraft2learn.github.io/ai/onyx/images/korean/naildystrophy/semisuper_kor_971_83_73_311_300_th_267F0536556F1616300451.jpg,1797,870,13,
https://ecraft2learn.github.io/ai/onyx/images/korean/naildystrophy/semisuper_kor_971_83_73_311_300_th_267F0536556F1616300451.jpg,1797,0.8734953999519348
https://ecraft2learn.github.io/ai/onyx/images/korean/naildystrophy/semisuper_kor_985_448_25_630_223_11378516_345248335683118_623943736_n.jpg,1802,940,6,
https://ecraft2learn.github.io/ai/onyx/images/korean/naildystrophy/semisuper_kor_985_448_25_630_223_11378516_345248335683118_623943736_n.jpg,1802,0.9421288967132568
